lspe_id,nama_daerah,date,buyer_name,tender_title,mainprocurementcategory,tender_minvalue,tender_status,award_title,award_date,award_value,award_supplier,days_to_award,budget_utilization_ratio
35,Kalimantan Timur,2023-01-19,Pemerintah Daerah Provinsi Kalimantan Timur,Pengawasan (Supervisi) Pembangunan Gedung Perawatan Pandurata Rsud Abdul Wahab Sjahranie Dan Sarana Pendukungnya,Services,2499900000.0,Complete,Pengawasan (Supervisi) Pembangunan Gedung Perawatan Pandurata Rsud Abdul Wahab Sjahranie Dan Sarana Pendukungnya,2023-01-19,2149803600.0,Pt Geomap International Consultant,29,0.8599558382335294
35,Kalimantan Timur,2023-01-19,Pemerintah Daerah Provinsi Kalimantan Timur,Perencanaan Rehabilitasi Panti Kewenangan Pemprov Di Samarinda,Services,992900000.0,Complete,Perencanaan Rehabilitasi Panti Kewenangan Pemprov Di Samarinda,2023-01-19,832987845.0,Pt Arcsindo Karya Utama,29,0.8389443498841777
35,Kalimantan Timur,2023-01-19,Pemerintah Daerah Provinsi Kalimantan Timur,Perencanaan Revitalisasi Penataan Kawasan Taman Makam Pahlawan Kesuma Bangsa,Services,236097000.0,Complete,Perencanaan Revitalisasi Penataan Kawasan Taman Makam Pahlawan Kesuma Bangsa,2023-01-19,218337000.0,Pt. Inasa Sakha Kirana,29,0.924776680771039
35,Kalimantan Timur,2023-01-20,Pemerintah Daerah Provinsi Kalimantan Timur,Rehabilitasi Sarana Dan Prasarana Gedung Kwartir Daerah Gerakan Pramuka,Works,5561978000.0,Complete,Rehabilitasi Sarana Dan Prasarana Gedung Kwartir Daerah Gerakan Pramuka,2023-01-20,4449582400.0,Kelapa Gading,14,0.8
35,Kalimantan Timur,2023-01-20,Pemerintah Daerah Provinsi Kalimantan Timur,Pembangunan Masjid Baburahmah Perum Griya Mukti Sejahtera Samarinda,Works,6337700000.0,Complete,Pembangunan Masjid Baburahmah Perum Griya Mukti Sejahtera Samarinda,2023-01-20,5259622856.7,Cv. Empat Saudara Tangguh,14,0.8298945763762879
35,Kalimantan Timur,2023-01-20,Pemerintah Daerah Provinsi Kalimantan Timur,Pembangunan Gedung Jami Ibrahimiyah,Works,3120545000.0,Complete,Pembangunan Gedung Jami Ibrahimiyah,2023-01-20,2496436000.0,Dewo Sejahtera Bersama,14,0.8
35,Kalimantan Timur,2023-01-20,Pemerintah Daerah Provinsi Kalimantan Timur,Pembangunan Mesjid Nurul Ilmi Samarinda,Works,21501900000.0,Complete,Pembangunan Mesjid Nurul Ilmi Samarinda,2023-01-20,19780000000.0,Pt. Mahendra Wiranugraha,14,0.9199187048586404
35,Kalimantan Timur,2023-01-20,Pemerintah Daerah Provinsi Kalimantan Timur,Pembangunan Sarana Ibadah Madrasah Aliyah Raadhiyatan Mardhiyyah Putri Pondok Pesantren Hidayatullah Balikpapan (Masjid),Works,9272365856.0,Complete,Pembangunan Sarana Ibadah Madrasah Aliyah Raadhiyatan Mardhiyyah Putri Pondok Pesantren Hidayatullah Balikpapan (Masjid),2023-01-20,7417892684.8,Cv.Mitra Alam Sentosa,14,0.8
35,Kalimantan Timur,2023-01-25,Pemerintah Daerah Provinsi Kalimantan Timur,Perencanaan Pembangunan Graha Pmii Kota Samarinda,Services,295156437.0,Complete,Perencanaan Pembangunan Graha Pmii Kota Samarinda,2023-01-25,250816710.0,Pt Arcsindo Karya Utama,35,0.8497755039643604
35,Kalimantan Timur,2023-01-25,Pemerintah Daerah Provinsi Kalimantan Timur,Perencanaan Rehab Gedung Dinas Pupr Pera Prov. Kaltim,Services,324880000.0,Complete,Perencanaan Rehab Gedung Dinas Pupr Pera Prov. Kaltim,2023-01-25,260073000.0,Pt Mitra Tri Sakti,35,0.8005201920709185
35,Kalimantan Timur,2023-01-25,Pemerintah Daerah Provinsi Kalimantan Timur,Perencanaan Pembangunan Gedung Uptd Laboratorium Keswan Dan Kesmavet,Services,993587862.0,Complete,Perencanaan Pembangunan Gedung Uptd Laboratorium Keswan Dan Kesmavet,2023-01-25,793650000.0,Pt Mitra Tri Sakti,35,0.7987718352380597
35,Kalimantan Timur,2023-01-25,Pemerintah Daerah Provinsi Kalimantan Timur,Pengawasan (Supervisi) Rehab Masjid Islamic Center,Services,974600000.0,Complete,Pengawasan (Supervisi) Rehab Masjid Islamic Center,2023-01-25,950355360.0,Cv. Carabiner Engineering Consultan,22,0.9751234968192078
35,Kalimantan Timur,2023-01-27,Pemerintah Daerah Provinsi Kalimantan Timur,Pengawasan (Supervisi) Pembangunan Asrama Panti Asuhan Darul Falah,Services,321900000.0,Complete,Pengawasan (Supervisi) Pembangunan Asrama Panti Asuhan Darul Falah,2023-01-27,300671250.0,Pt. Super Tehnik Pratama,30,0.934051724137931
35,Kalimantan Timur,2023-01-27,Pemerintah Daerah Provinsi Kalimantan Timur,Pengawasan (Supervisi) Pembangunan Rs Islam Ibnu Sina Balikpapan,Services,193140000.0,Complete,Pengawasan (Supervisi) Pembangunan Rs Islam Ibnu Sina Balikpapan,2023-01-27,187035000.0,"Arori Teknika, Cv.",30,0.9683908045977012
35,Kalimantan Timur,2023-01-27,Pemerintah Daerah Provinsi Kalimantan Timur,Pengawasan (Supervisi) Penataan Kawasan Cagar Budaya Wewenang Prov. Kaltim (Museum Sadurengas Paser),Services,153624000.0,Complete,Pengawasan (Supervisi) Penataan Kawasan Cagar Budaya Wewenang Prov. Kaltim (Museum Sadurengas Paser),2023-01-27,150849000.0,"Arori Teknika, Cv.",30,0.9819364161849712
35,Kalimantan Timur,2023-01-27,Pemerintah Daerah Provinsi Kalimantan Timur,Pembangunan Pondok Shuffah Hizbullah Samarinda,Works,1585594053.94,Complete,Pembangunan Pondok Shuffah Hizbullah Samarinda,2023-01-27,1268475243.2,Kelapa Gading,15,0.8000000000302726
35,Kalimantan Timur,2023-01-30,Pemerintah Daerah Provinsi Kalimantan Timur,Pengawasan (Supervisi) Pembangunan Sarana Ibadah Madrasah Aliyah Raadhiyatan Mardhiyyah Putri Pondok Pesantren Hidayatullah Balikpapan (Masjid),Services,723896000.0,Complete,Pengawasan (Supervisi) Pembangunan Sarana Ibadah Madrasah Aliyah Raadhiyatan Mardhiyyah Putri Pondok Pesantren Hidayatullah Balikpapan (Masjid),2023-01-30,570000000.54,Pt. Biola Teknik Indonesia,27,0.7874059264590493
35,Kalimantan Timur,2023-02-01,Pemerintah Daerah Provinsi Kalimantan Timur,Pengawasan (Supervisi) Lanjutan Pembangunan Gedung Denpom (Pembangunan Gedung Negara),Services,153680000.0,Complete,Pengawasan (Supervisi) Lanjutan Pembangunan Gedung Denpom (Pembangunan Gedung Negara),2023-02-01,132012300.0,Cv. Wahana Cahaya Konsultan,35,0.859007678292556
35,Kalimantan Timur,2023-02-01,Pemerintah Daerah Provinsi Kalimantan Timur,Pengawasan (Supervisi) Lanjutan Gedung B Dprd Di Samarinda,Services,321960000.0,Complete,Pengawasan (Supervisi) Lanjutan Gedung B Dprd Di Samarinda,2023-02-01,296603100.0,Cv. Geosylva Lestari,35,0.921242079761461
35,Kalimantan Timur,2023-02-01,Pemerintah Daerah Provinsi Kalimantan Timur,Pengawasan (Supervisi) Pembangunan Gedung Kantor Dpmpd,Services,1329950000.0,Complete,Pengawasan (Supervisi) Pembangunan Gedung Kantor Dpmpd,2023-02-01,1108390500.0,Pt. Gubahreka Consultant,35,0.8334076469040189
35,Kalimantan Timur,2023-02-01,Pemerintah Daerah Provinsi Kalimantan Timur,Pengawasan (Supervisi) Pembangunan Gedung Kuliah Fakultas Pertanian Unmul,Services,923310000.0,Complete,Pengawasan (Supervisi) Pembangunan Gedung Kuliah Fakultas Pertanian Unmul,2023-02-01,765512055.0,Pt. Inovasi Nusaniwe Konsultan,35,0.8290953796666342
35,Kalimantan Timur,2023-02-01,Pemerintah Daerah Provinsi Kalimantan Timur,Pengawasan (Supervisi) Pembangunan Gedung Lab. Fakultas Perikanan Dan Ilmu Kelautan Unmul,Services,615510000.0,Complete,Pengawasan (Supervisi) Pembangunan Gedung Lab. Fakultas Perikanan Dan Ilmu Kelautan Unmul,2023-02-01,521411400.0,Cv. Geosylva Lestari,35,0.8471209241117122
35,Kalimantan Timur,2023-02-01,Pemerintah Daerah Provinsi Kalimantan Timur,Pengawasan (Supervisi) Lanjutan Gedung Uptd Laboraturium Bahan Konstruksi Dinas Pupr Prov. Kaltim,Services,723865133.0,Complete,Pengawasan (Supervisi) Lanjutan Gedung Uptd Laboraturium Bahan Konstruksi Dinas Pupr Prov. Kaltim,2023-02-01,587134500.0,Adhi Teknik,34,0.8111103480929782
35,Kalimantan Timur,2023-02-01,Pemerintah Daerah Provinsi Kalimantan Timur,Penataan Kawasan Cagar Budaya Wewenang Prov. Kaltim (Museum Sadurengas Paser),Works,2220391735.27,Complete,Penataan Kawasan Cagar Budaya Wewenang Prov. Kaltim (Museum Sadurengas Paser),2023-02-01,1776334066.86,Cv. Chyntha Febiana,20,0.8000093130611465
35,Kalimantan Timur,2023-02-07,Pemerintah Daerah Provinsi Kalimantan Timur,Pengawasan (Supervisi) Revitalisasi Kawasan Perbatasan Kaltim - Kalsel,Services,419099000.0,Complete,Pengawasan (Supervisi) Revitalisasi Kawasan Perbatasan Kaltim - Kalsel,2023-02-07,363580500.0,Cv. Wahana Cahaya Konsultan,35,0.8675289132162091
35,Kalimantan Timur,2023-02-09,Pemerintah Daerah Provinsi Kalimantan Timur,Lanjutan Gedung Uptd Laboraturium Bahan Konstruksi Dinas Pupr Prov. Kaltim,Works,9004503000.0,Complete,Lanjutan Gedung Uptd Laboraturium Bahan Konstruksi Dinas Pupr Prov. Kaltim,2023-02-09,7203602400.0,Cv.Bermuda,16,0.8
35,Kalimantan Timur,2023-02-10,Pemerintah Daerah Provinsi Kalimantan Timur,Pengawasan (Supervisi) Revitalisasi Anjungan Tmii Jakarta,Services,872082600.0,Complete,Pengawasan (Supervisi) Revitalisasi Anjungan Tmii Jakarta,2023-02-10,794868891.0,Cv. Geosylva Lestari,31,0.9114605554565588
35,Kalimantan Timur,2023-02-10,Pemerintah Daerah Provinsi Kalimantan Timur,Pengawasan (Supervisi) Pembangunan Gedung Pelayanan Jantung Terpadu Rs Kanujoso Balikpapan,Services,2499920000.0,Complete,Pengawasan (Supervisi) Pembangunan Gedung Pelayanan Jantung Terpadu Rs Kanujoso Balikpapan,2023-02-10,2220000000.0,Pt. Marannu Maraya Maindan,38,0.8880284169093411
35,Kalimantan Timur,2023-02-14,Pemerintah Daerah Provinsi Kalimantan Timur,Pengawasan (Supervisi) Pembangunan Gedung Ikip Pgri,Services,723833553.0,Complete,Pengawasan (Supervisi) Pembangunan Gedung Ikip Pgri,2023-02-14,621600000.0,Adhi Teknik,34,0.8587609643456249
35,Kalimantan Timur,2023-02-14,Pemerintah Daerah Provinsi Kalimantan Timur,Penyusunan Roadmap Sanitasi Prov. Kaltim,Services,661515600.0,Complete,Penyusunan Roadmap Sanitasi Prov. Kaltim,2023-02-14,562964250.0,Cv Tiga Manunggal Abadi,32,0.8510218806631318
35,Kalimantan Timur,2023-02-15,Pemerintah Daerah Provinsi Kalimantan Timur,Pembangunan Gedung Raudlatul Jannah Muara Badak,Works,848982886.58,Complete,Pembangunan Gedung Raudlatul Jannah Muara Badak,2023-02-15,679186310.0,Cv. Alam Semesta Mendukung,14,0.8000000008669197
35,Kalimantan Timur,2023-02-20,Pemerintah Daerah Provinsi Kalimantan Timur,Kajian Feasibility Study Spam Regional Sistem Sukarahmat (Kutim-Bontang),Services,1205598750.0,Complete,Kajian Feasibility Study Spam Regional Sistem Sukarahmat (Kutim-Bontang),2023-02-20,1109150850.0,Pt.Tema Karya Mandiri,27,0.92
35,Kalimantan Timur,2023-02-21,Pemerintah Daerah Provinsi Kalimantan Timur,Pengawasan Pembangunan Terminal Tipe B Bontang,Services,322800000.0,Complete,Pengawasan Pembangunan Terminal Tipe B Bontang,2023-02-21,316216800.0,"Arori Teknika, Cv.",36,0.9796059479553904
35,Kalimantan Timur,2023-02-21,Pemerintah Daerah Provinsi Kalimantan Timur,Kajian Feasibility Study Spald Regional Samarinda - Kutai Kartanegara,Services,1205598750.0,Complete,Kajian Feasibility Study Spald Regional Samarinda - Kutai Kartanegara,2023-02-21,1014789750.0,Pt. Jasa Tehnik Mandiri,28,0.8417309241569801
35,Kalimantan Timur,2023-02-22,Pemerintah Daerah Provinsi Kalimantan Timur,Pengadaan Dan Pemasangan Ac Central Kantor Gubernur,Works,5079433000.0,Complete,Pengadaan Dan Pemasangan Ac Central Kantor Gubernur,2023-02-22,4064712330.0,Pt Anugerah Sintas Bestari,12,0.8002295393993778
35,Kalimantan Timur,2023-02-23,Pemerintah Daerah Provinsi Kalimantan Timur,Pembangunan Gedung Ikip Pgri,Works,9220301000.0,Complete,Pembangunan Gedung Ikip Pgri,2023-02-23,7190801282.48,"Artha Riatama Jaya, Pt",24,0.7798879106528084
35,Kalimantan Timur,2023-02-23,Pemerintah Daerah Provinsi Kalimantan Timur,Lanjutan Pembangunan Gedung Pemerintah Jalan Pm Noor,Works,9234780000.0,Complete,Lanjutan Pembangunan Gedung Pemerintah Jalan Pm Noor,2023-02-23,7825500000.0,Cv. Tunas Jaya,13,0.8473943071735331
35,Kalimantan Timur,2023-02-23,Pemerintah Daerah Provinsi Kalimantan Timur,Lanjutan Pembangunan Gedung Denpom (Pembangunan Gedung Negara),Works,997570000.0,Complete,Lanjutan Pembangunan Gedung Denpom (Pembangunan Gedung Negara),2023-02-23,798056000.0,Cv. Alam Semesta Mendukung,13,0.8
35,Kalimantan Timur,2023-02-23,Pemerintah Daerah Provinsi Kalimantan Timur,Pembangunan Gedung Kantor Dpmpd,Works,38452929000.0,Complete,Pembangunan Gedung Kantor Dpmpd,2023-02-23,32666600000.0,Asyifa Karyatama,13,0.8495217620483475
35,Kalimantan Timur,2023-02-23,Pemerintah Daerah Provinsi Kalimantan Timur,Rehab Masjid Islamic Center Samarinda,Works,19669217000.0,Complete,Rehab Masjid Islamic Center Samarinda,2023-02-23,15800000000.0,Pt. Suman Toko,13,0.8032856620576203
35,Kalimantan Timur,2023-02-23,Pemerintah Daerah Provinsi Kalimantan Timur,Pembangunan Gedung Madrasah Darussalam Samarinda,Works,26961269000.0,Complete,Pembangunan Gedung Madrasah Darussalam Samarinda,2023-02-23,22542256212.47,Pt. Paramitra Multi Prakasa,13,0.8360977449714997
35,Kalimantan Timur,2023-02-28,Pemerintah Daerah Provinsi Kalimantan Timur,Penyusunan Rencana Induk Sistem Persampahan Regional Prov. Kaltim,Services,956542500.0,Complete,Penyusunan Rencana Induk Sistem Persampahan Regional Prov. Kaltim,2023-02-28,813045096.6,Pt. Kinarya Alam Raya,42,0.849983243400058
35,Kalimantan Timur,2023-03-01,Pemerintah Daerah Provinsi Kalimantan Timur,Pembangunan Gedung Pelayanan Jantung Terpadu Rs Kanujoso Balikpapan,Works,116224000000.0,Complete,Pembangunan Gedung Pelayanan Jantung Terpadu Rs Kanujoso Balikpapan,2023-03-01,95884100094.95,Pt. Relis Sapindo Utama,21,0.824993977964534
35,Kalimantan Timur,2023-03-07,Pemerintah Daerah Provinsi Kalimantan Timur,Pengawasan (Supervisi) Pengadaan Dan Pemasangan Ac Central Kantor Gubernur,Services,419000000.0,Complete,Pengawasan (Supervisi) Pengadaan Dan Pemasangan Ac Central Kantor Gubernur,2023-03-07,354395250.0,Adhi Teknik,34,0.8458120525059666
35,Kalimantan Timur,2023-03-08,Pemerintah Daerah Provinsi Kalimantan Timur,Pembangunan Langgar Al-Uns Desa Lebaho Ulaq Kutai Kartanegara,Works,1556478291.0,Complete,Pembangunan Langgar Al-Uns Desa Lebaho Ulaq Kutai Kartanegara,2023-03-08,1240482017.65,Cv. Empat Pilar Tangguh,22,0.7969799674192822
35,Kalimantan Timur,2023-03-09,Pemerintah Daerah Provinsi Kalimantan Timur,Supervisi Pembangunan Intake Bengkuring Kota Samarinda,Services,376593030.0,Complete,Supervisi Pembangunan Intake Bengkuring Kota Samarinda,2023-03-09,352139730.0,Pt. Super Tehnik Pratama,28,0.9350670404069878
35,Kalimantan Timur,2023-03-09,Pemerintah Daerah Provinsi Kalimantan Timur,Supervisi Lanjutan Pengendalian Banjir Semani (Sentosa-Remaja-A.Yani),Services,430383630.0,Complete,Supervisi Lanjutan Pengendalian Banjir Semani (Sentosa-Remaja-A.Yani),2023-03-09,410034000.0,Pt. Indoplan Inti Patria,28,0.952717462790116
35,Kalimantan Timur,2023-03-09,Pemerintah Daerah Provinsi Kalimantan Timur,Supervisi Normalisasi Sungai Marangkayu,Services,376543080.0,Complete,Supervisi Normalisasi Sungai Marangkayu,2023-03-09,347200230.0,Tengkonindo Teknik Geospasial,34,0.9220730600068392
35,Kalimantan Timur,2023-03-09,Pemerintah Daerah Provinsi Kalimantan Timur,Supervisi Rehabilitasi Jaringan Irigasi D.I. Sungai Buluh Kab. Kutai Kartanegara,Services,430389180.0,Complete,Supervisi Rehabilitasi Jaringan Irigasi D.I. Sungai Buluh Kab. Kutai Kartanegara,2023-03-09,387371130.0,Pt Arcsindo Karya Utama,34,0.9000484863490295
35,Kalimantan Timur,2023-03-09,Pemerintah Daerah Provinsi Kalimantan Timur,Supervisi Peningkatan Jaringan Irigasi D.I. Labanan (Dak Penugasan),Services,321971040.0,Complete,Supervisi Peningkatan Jaringan Irigasi D.I. Labanan (Dak Penugasan),2023-03-09,290230590.0,Tengkonindo Teknik Geospasial,31,0.9014183076838216
35,Kalimantan Timur,2023-03-09,Pemerintah Daerah Provinsi Kalimantan Timur,Supervisi Rehabilitasi Jaringan Irigasi Di. Labanan Kab. Berau,Services,430349775.0,Complete,Supervisi Rehabilitasi Jaringan Irigasi Di. Labanan Kab. Berau,2023-03-09,379983525.0,Cv Rizky Utama Tehnik,31,0.8829643863529382
35,Kalimantan Timur,2023-03-09,Pemerintah Daerah Provinsi Kalimantan Timur,Supervisi Pembangunan Pengaman Pantai Sandaran Kab. Kutai Timur,Services,430349775.0,Complete,Supervisi Pembangunan Pengaman Pantai Sandaran Kab. Kutai Timur,2023-03-09,404597775.0,Cv. Patoya Indah,28,0.940160303325359
35,Kalimantan Timur,2023-03-09,Pemerintah Daerah Provinsi Kalimantan Timur,Supervisi Rehabilitasi Jaringan Irigasi Daerah Rawa Suliliran Kab. Paser,Services,430383075.0,Complete,Supervisi Rehabilitasi Jaringan Irigasi Daerah Rawa Suliliran Kab. Paser,2023-03-09,420135000.0,Cv. Patoya Indah,31,0.9761884804601112
35,Kalimantan Timur,2023-03-09,Pemerintah Daerah Provinsi Kalimantan Timur,Supervisi Pembangunan Pengaman Pantai Kampung Biduk-Biduk,Services,430349775.0,Complete,Supervisi Pembangunan Pengaman Pantai Kampung Biduk-Biduk,2023-03-09,416974275.0,Pt. Super Tehnik Pratama,28,0.968919467890973
35,Kalimantan Timur,2023-03-09,Pemerintah Daerah Provinsi Kalimantan Timur,Supervisi Pembangunan Pengaman Pantai Kampung Harapan Dan Kampung Tanjung Prepat,Services,430349775.0,Complete,Supervisi Pembangunan Pengaman Pantai Kampung Harapan Dan Kampung Tanjung Prepat,2023-03-09,398157000.0,Pt. Indoplan Inti Patria,28,0.9251939309135226
35,Kalimantan Timur,2023-03-09,Pemerintah Daerah Provinsi Kalimantan Timur,Supervisi Lanjutan Pembangunan Drainase Sekunder Depsos Atas Kota Balikpapan,Services,430372530.0,Complete,Supervisi Lanjutan Pembangunan Drainase Sekunder Depsos Atas Kota Balikpapan,2023-03-09,400000710.0,Pt Arcsindo Karya Utama,28,0.9294289995692802
35,Kalimantan Timur,2023-03-09,Pemerintah Daerah Provinsi Kalimantan Timur,Supervisi Lanjutan Pembangunan Pengaman Pantai Tanjung Jumlai Kab. Ppu,Services,430371975.0,Complete,Supervisi Lanjutan Pembangunan Pengaman Pantai Tanjung Jumlai Kab. Ppu,2023-03-09,414363000.0,Cv. Patoya Indah,28,0.9628020040106005
35,Kalimantan Timur,2023-03-09,Pemerintah Daerah Provinsi Kalimantan Timur,Perbaikan Jembatan Sambaliung 1,Works,26863720000.0,Complete,Perbaikan Jembatan Sambaliung 1,2023-03-09,26567889984.14,Pt. Belawa Maha Karya,13,0.9889877494308308
35,Kalimantan Timur,2023-03-09,Pemerintah Daerah Provinsi Kalimantan Timur,Pengawasan (Supervisi) Pembangunan Gedung Yayasan Darul Ulum Waddawah Al-Hasaniah,Services,571495000.0,Complete,Pengawasan (Supervisi) Pembangunan Gedung Yayasan Darul Ulum Waddawah Al-Hasaniah,2023-03-09,457253400.0,Pt. Inovasi Nusaniwe Konsultan,31,0.8001004383240449
35,Kalimantan Timur,2023-03-09,Pemerintah Daerah Provinsi Kalimantan Timur,Pembangunan Masjid Darul Hafidz Jalan Bayam Kel. Gunung Elai Bontang,Works,4796440000.0,Complete,Pembangunan Masjid Darul Hafidz Jalan Bayam Kel. Gunung Elai Bontang,2023-03-09,3837152000.0,Cv. Aladin Jaya,13,0.8
35,Kalimantan Timur,2023-03-09,Pemerintah Daerah Provinsi Kalimantan Timur,Lanjutan Gedung B Dprd Di Samaarinda,Works,2174240000.0,Complete,Lanjutan Gedung B Dprd Di Samaarinda,2023-03-09,2088800000.0,Pt. Suman Toko,13,0.9607035101920672
35,Kalimantan Timur,2023-03-10,Pemerintah Daerah Provinsi Kalimantan Timur,Perencanaan Turap/Talud/Bronjong Ruas Jalan Patung Lembuswana - Sebulu,Services,999998000.0,Complete,Perencanaan Turap/Talud/Bronjong Ruas Jalan Patung Lembuswana - Sebulu,2023-03-10,903651000.0,Rima Cipta Consultant ( Rcc ),35,0.9036528073056146
35,Kalimantan Timur,2023-03-10,Pemerintah Daerah Provinsi Kalimantan Timur,Perencanaan Turap/Talud/Bronjong Ruas Jalan Patung Lembuswana - Sebulu 3,Services,999998000.0,Complete,Perencanaan Turap/Talud/Bronjong Ruas Jalan Patung Lembuswana - Sebulu 3,2023-03-10,899988000.0,Pt Morang Rekayasa Geoteknik,35,0.8999897999795999
35,Kalimantan Timur,2023-03-13,Pemerintah Daerah Provinsi Kalimantan Timur,Perbaikan Jembatan Talisayan,Works,999991000.0,Complete,Perbaikan Jembatan Talisayan,2023-03-13,799992800.0,Karya Mulia Muda,17,0.8
35,Kalimantan Timur,2023-03-15,Pemerintah Daerah Provinsi Kalimantan Timur,Pembangunan Terminal Tipe B Bontang,Works,16124703500.0,Complete,Pembangunan Terminal Tipe B Bontang,2023-03-15,13030154010.13,Pt. Hiqmah Aldina Prima,19,0.8080864252871378
35,Kalimantan Timur,2023-03-15,Pemerintah Daerah Provinsi Kalimantan Timur,Pengawasan (Supervisi) Pembangunan Asrama Tahfidz Usrah Mujaddidah Ponpes Hidayatullah Balikpapan,Services,537992000.0,Complete,Pengawasan (Supervisi) Pembangunan Asrama Tahfidz Usrah Mujaddidah Ponpes Hidayatullah Balikpapan,2023-03-15,430393600.0,Cv. Duta Pontana,28,0.8
35,Kalimantan Timur,2023-03-16,Pemerintah Daerah Provinsi Kalimantan Timur,Pembangunan Turap / Talud / Bronjong Ruas Jalan Samarinda - Anggana,Works,13774482000.0,Complete,Pembangunan Turap / Talud / Bronjong Ruas Jalan Samarinda - Anggana,2023-03-16,11019586056.53,Pt. Boanerges Putra Utama,16,0.8000000331431701
35,Kalimantan Timur,2023-03-16,Pemerintah Daerah Provinsi Kalimantan Timur,"Lanjutan Pembangunan Masjid Istiqlal Loa Bakung, Samarinda",Works,12780430000.0,Complete,"Lanjutan Pembangunan Masjid Istiqlal Loa Bakung, Samarinda",2023-03-16,10470000000.0,Cv.Mega Cipta Buana,20,0.819221262508382
35,Kalimantan Timur,2023-03-16,Pemerintah Daerah Provinsi Kalimantan Timur,Pembangunan Rs Islam Ibnu Sina Balikpapan,Works,1385285550.0,Complete,Pembangunan Rs Islam Ibnu Sina Balikpapan,2023-03-16,1107459485.48,Cv. Wadah Etam Mandiri,20,0.7994449126246932
35,Kalimantan Timur,2023-03-17,Pemerintah Daerah Provinsi Kalimantan Timur,Pembangunan Turap / Talud / Bronjong Ruas Jalan Simp. 3 Sambera - Ma. Badak,Works,3925209000.0,Complete,Pembangunan Turap / Talud / Bronjong Ruas Jalan Simp. 3 Sambera - Ma. Badak,2023-03-17,3257988265.75,Cv.Meridian Utama Konstruksi,18,0.8300165075923346
35,Kalimantan Timur,2023-03-17,Pemerintah Daerah Provinsi Kalimantan Timur,Pembangunan Turap / Talud / Bronjong Ruas Jalan Simp. Lembuswana - Sebulu,Works,3783530000.0,Complete,Pembangunan Turap / Talud / Bronjong Ruas Jalan Simp. Lembuswana - Sebulu,2023-03-17,3026824899.03,Cv. Palokko Kaluppini Jaya,18,0.800000237616723
35,Kalimantan Timur,2023-03-17,Pemerintah Daerah Provinsi Kalimantan Timur,Pembangunan Turap / Talud / Bronjong Ruas Jalan Samarinda Seberang - Sanga-Sanga 2,Works,6148260000.0,Complete,Pembangunan Turap / Talud / Bronjong Ruas Jalan Samarinda Seberang - Sanga-Sanga 2,2023-03-17,5129368112.8,Muhrizal,18,0.8342796356692789
35,Kalimantan Timur,2023-03-17,Pemerintah Daerah Provinsi Kalimantan Timur,Pengawasan (Supervisi) Rehab Masjid Al Maruf Samarinda,Services,321997000.0,Complete,Pengawasan (Supervisi) Rehab Masjid Al Maruf Samarinda,2023-03-17,273948000.0,Adhi Teknik,30,0.8507781128395606
35,Kalimantan Timur,2023-03-24,Pemerintah Daerah Provinsi Kalimantan Timur,Supervisi Pembangunan Sumur Dalam Dan Instalasi Pengolahan Air Di Balai Benih Induk Hortikultura (Km 40 Samarinda - Balikpapan),Services,376543080.0,Complete,Supervisi Pembangunan Sumur Dalam Dan Instalasi Pengolahan Air Di Balai Benih Induk Hortikultura (Km 40 Samarinda - Balikpapan),2023-03-24,354638895.0,Cv. Ramayana Rancang Bangun,38,0.9418282099355006
35,Kalimantan Timur,2023-03-24,Pemerintah Daerah Provinsi Kalimantan Timur,Supervisi Pembangunan Sumur Dalam Muara Badak Kab. Kutai Kartanegara,Services,376543080.0,Complete,Supervisi Pembangunan Sumur Dalam Muara Badak Kab. Kutai Kartanegara,2023-03-24,347921730.0,Cv Rizky Utama Tehnik,38,0.9239891754218402
35,Kalimantan Timur,2023-03-24,Pemerintah Daerah Provinsi Kalimantan Timur,Supervisi Pembangunan Sumur Dalam Kota Bontang,Services,376531980.0,Complete,Supervisi Pembangunan Sumur Dalam Kota Bontang,2023-03-24,328607730.0,Cv. Patoya Indah,38,0.8727219664050846
35,Kalimantan Timur,2023-03-24,Pemerintah Daerah Provinsi Kalimantan Timur,Supervisi Pembangunan Sumur Dalam (Deep Well) Jalan Atletik Kec. Bontang Utara Kota Bontang,Services,376531980.0,Complete,Supervisi Pembangunan Sumur Dalam (Deep Well) Jalan Atletik Kec. Bontang Utara Kota Bontang,2023-03-24,325000230.0,Cv Rizky Utama Tehnik,38,0.8631411068988084
35,Kalimantan Timur,2023-03-24,Pemerintah Daerah Provinsi Kalimantan Timur,Supervisi Lanjutan Pengendalian Banjir Sistem Loa Janan Dan Rapak Dalam Kota Samarinda,Services,430383630.0,Complete,Supervisi Lanjutan Pengendalian Banjir Sistem Loa Janan Dan Rapak Dalam Kota Samarinda,2023-03-24,370610130.0,Tengkonindo Teknik Geospasial,44,0.8611157678092914
35,Kalimantan Timur,2023-03-24,Pemerintah Daerah Provinsi Kalimantan Timur,Supervisi Lanjutan Pengendalian Banjir Loa Ipuh Kab. Kukar,Services,430389180.0,Complete,Supervisi Lanjutan Pengendalian Banjir Loa Ipuh Kab. Kukar,2023-03-24,400821000.0,Pt. Indoplan Inti Patria,44,0.9312989699229892
35,Kalimantan Timur,2023-03-24,Pemerintah Daerah Provinsi Kalimantan Timur,Supervisi Lanjutan Pembangunan Drainase Di Panjaitan Kota Samarinda (Sistem Sungai Karang Mumus),Services,430383630.0,Complete,Supervisi Lanjutan Pembangunan Drainase Di Panjaitan Kota Samarinda (Sistem Sungai Karang Mumus),2023-03-24,403332846.75,Jasa Pribhuni,44,0.9371472766052928
35,Kalimantan Timur,2023-03-24,Pemerintah Daerah Provinsi Kalimantan Timur,Supervisi Rehabilitasi Jaringan Irigasi D.I Merancang Kab. Berau,Services,430349775.0,Complete,Supervisi Rehabilitasi Jaringan Irigasi D.I Merancang Kab. Berau,2023-03-24,407925000.0,Cv. Patoya Indah,44,0.9478917468935588
35,Kalimantan Timur,2023-03-24,Pemerintah Daerah Provinsi Kalimantan Timur,Supervisi Rehabilitasi Jaringan Irigasi D.I Biatan Kab. Berau,Services,430349775.0,Complete,Supervisi Rehabilitasi Jaringan Irigasi D.I Biatan Kab. Berau,2023-03-24,378845775.0,Cv. Patoya Indah,44,0.880320606650718
35,Kalimantan Timur,2023-03-24,Pemerintah Daerah Provinsi Kalimantan Timur,Supervisi Rehabilitasi Jaringan Irigasi Di. Semurut Buyung Buyung Kab. Berau,Services,430349775.0,Complete,Supervisi Rehabilitasi Jaringan Irigasi Di. Semurut Buyung Buyung Kab. Berau,2023-03-24,387670275.0,Cv. Patoya Indah,44,0.9008260199508644
35,Kalimantan Timur,2023-03-24,Pemerintah Daerah Provinsi Kalimantan Timur,Pembangunan Penambahan Ruang Kelas Smkn 10 Samarinda,Works,1495888508.87,Complete,Pembangunan Penambahan Ruang Kelas Smkn 10 Samarinda,2023-03-24,1274766687.83,Mm Alifa Noor.Cv,14,0.8521802796606571
35,Kalimantan Timur,2023-03-27,Pemerintah Daerah Provinsi Kalimantan Timur,Pengawasan Teknis Pembangunan Jalan Ujoh Bilang - Long Bagun - Long Pahangai,Services,1265365701.0,Complete,Pengawasan Teknis Pembangunan Jalan Ujoh Bilang - Long Bagun - Long Pahangai,2023-03-27,1120818060.0,Pt. Gerbangraja Mandiri,33,0.8857661141867793
35,Kalimantan Timur,2023-03-27,Pemerintah Daerah Provinsi Kalimantan Timur,Pengawasan Teknis Pembangunan Jalan Tering - Ujoh Bilang,Services,1265365701.0,Complete,Pengawasan Teknis Pembangunan Jalan Tering - Ujoh Bilang,2023-03-27,1105976250.0,Citra Bangun Mandiri Engineering Consultant,33,0.8740368488935358
35,Kalimantan Timur,2023-03-27,Pemerintah Daerah Provinsi Kalimantan Timur,Rehab Masjid Al Maruf Samarinda,Works,2666335000.0,Complete,Rehab Masjid Al Maruf Samarinda,2023-03-27,2133068000.02,Cv. Redha,24,0.8000000000075009
35,Kalimantan Timur,2023-03-28,Pemerintah Daerah Provinsi Kalimantan Timur,Pembangunan Asrama Tahfidz Usrah Mujaddidah Ponpes Hidayatullah Balikpapan,Works,4855862000.0,Complete,Pembangunan Asrama Tahfidz Usrah Mujaddidah Ponpes Hidayatullah Balikpapan,2023-03-28,3883896480.18,Cv. Prasada Jaya,32,0.7998366675535672
35,Kalimantan Timur,2023-03-30,Pemerintah Daerah Provinsi Kalimantan Timur,Pengawasan Pembangunan Gedung Kantor Uptd Pprd Bapenda Wilayah Paser/Samsat Paser,Services,647700000.0,Complete,Pengawasan Pembangunan Gedung Kantor Uptd Pprd Bapenda Wilayah Paser/Samsat Paser,2023-03-30,601900830.0,Adhi Teknik,34,0.9292895321908292
35,Kalimantan Timur,2023-03-30,Pemerintah Daerah Provinsi Kalimantan Timur,Pengawasan Pembangunan Lanjutan Sman 14 Samarinda,Services,1119626475.0,Complete,Pengawasan Pembangunan Lanjutan Sman 14 Samarinda,2023-03-30,993641475.0,Pt. Blantika Multi Engineer,34,0.8874758655559659
35,Kalimantan Timur,2023-03-30,Pemerintah Daerah Provinsi Kalimantan Timur,Rehabilitasi Asrama Sekolah Slb Negeri Tenggarong,Works,626156944.0,Complete,Rehabilitasi Asrama Sekolah Slb Negeri Tenggarong,2023-03-30,494500000.0,Cv. Bangun Persada Utama,20,0.7897381075757901
35,Kalimantan Timur,2023-03-30,Pemerintah Daerah Provinsi Kalimantan Timur,Pengawasan Pembangunan Lanjutan Sman 17 Samarinda,Services,820730614.0,Complete,Pengawasan Pembangunan Lanjutan Sman 17 Samarinda,2023-03-30,660077040.0,Pt. Inovasi Nusaniwe Konsultan,34,0.804255414310645
35,Kalimantan Timur,2023-03-31,Pemerintah Daerah Provinsi Kalimantan Timur,Rehabilitasi Gedung Slb Negeri Pembina Prov. Kaltim,Works,3075277992.0,Complete,Rehabilitasi Gedung Slb Negeri Pembina Prov. Kaltim,2023-03-31,2398711681.9,Cv. Empat Saudara Tangguh,21,0.7799983247498231
35,Kalimantan Timur,2023-03-31,Pemerintah Daerah Provinsi Kalimantan Timur,Revitalisasi Anjungan Tmii Jakarta,Works,15697354000.0,Complete,Revitalisasi Anjungan Tmii Jakarta,2023-03-31,15050500000.0,Pt.Genthas Tri Jaya,14,0.9587921633161868
35,Kalimantan Timur,2023-04-04,Pemerintah Daerah Provinsi Kalimantan Timur,Pembangunan Masjid Al-Azhar (Kedondong Dalam) Samarinda,Works,5578431000.0,Complete,Pembangunan Masjid Al-Azhar (Kedondong Dalam) Samarinda,2023-04-04,4462744799.99,Cv. Empat Saudara Tangguh,32,0.7999999999982074
35,Kalimantan Timur,2023-04-05,Pemerintah Daerah Provinsi Kalimantan Timur,Pengawasan Teknis Perbaikan Jembatan P Balang Bentang Pendek,Services,828911370.0,Complete,Pengawasan Teknis Perbaikan Jembatan P Balang Bentang Pendek,2023-04-05,746669250.0,Cv.Adef Engineering,26,0.9007829751448576
35,Kalimantan Timur,2023-04-05,Pemerintah Daerah Provinsi Kalimantan Timur,Pengawasan Teknis Perbaikan Jembatan Sambaliung 1,Services,849979725.0,Complete,Pengawasan Teknis Perbaikan Jembatan Sambaliung 1,2023-04-05,790875000.0,Cv. Marga Sarana Jaya,26,0.9304633707586378
35,Kalimantan Timur,2023-04-05,Pemerintah Daerah Provinsi Kalimantan Timur,Pengawasan Teknis Perbaikan Jembatan Talisayan,Services,711973758.0,Complete,Pengawasan Teknis Perbaikan Jembatan Talisayan,2023-04-05,651053295.0,Cv. Geodetic Konsultan,26,0.9144343982970228
35,Kalimantan Timur,2023-04-05,Pemerintah Daerah Provinsi Kalimantan Timur,Pengawasan Teknis Pembangunan Jalan Akses Jembatan Sei. Nibung,Services,989353767.0,Complete,Pengawasan Teknis Pembangunan Jalan Akses Jembatan Sei. Nibung,2023-04-05,886779000.0,Pt. Indoplan Inti Patria,26,0.8963214469673111
35,Kalimantan Timur,2023-04-05,Pemerintah Daerah Provinsi Kalimantan Timur,Pengawasan Teknis Pembangunan Turap/Talud/Bronjong Ruas Jalan Akses Tol Palaran (Stadion Utama Palaran),Services,948858747.0,Complete,Pengawasan Teknis Pembangunan Turap/Talud/Bronjong Ruas Jalan Akses Tol Palaran (Stadion Utama Palaran),2023-04-05,884706630.0,Pt Arcsindo Karya Utama,26,0.9323902348976292
35,Kalimantan Timur,2023-04-05,Pemerintah Daerah Provinsi Kalimantan Timur,Pengawasan Teknis Pembangunan Turap/Talud/Bronjong Ruas Jalan Simp. 4 Kaliorang - Talisayan,Services,989353767.0,Complete,Pengawasan Teknis Pembangunan Turap/Talud/Bronjong Ruas Jalan Simp. 4 Kaliorang - Talisayan,2023-04-05,840159000.0,Pt. Indoplan Inti Patria,26,0.8491997787076703
35,Kalimantan Timur,2023-04-05,Pemerintah Daerah Provinsi Kalimantan Timur,Pengawasan Teknis Pembangunan Turap / Talud / Bronjong Ruas Jalan Simp. Lembuswana - Sebulu,Services,962430051.0,Complete,Pengawasan Teknis Pembangunan Turap / Talud / Bronjong Ruas Jalan Simp. Lembuswana - Sebulu,2023-04-05,802419000.0,Pt. Indoplan Inti Patria,26,0.8337426695750588
35,Kalimantan Timur,2023-04-05,Pemerintah Daerah Provinsi Kalimantan Timur,Pengawasan Teknis Pembangunan Saluran Drainase / Gorong - Gorong Ruas Jalan Samarinda Seberang - Sanga Sanga,Services,962430051.0,Complete,Pengawasan Teknis Pembangunan Saluran Drainase / Gorong - Gorong Ruas Jalan Samarinda Seberang - Sanga Sanga,2023-04-05,883977804.0,Pt. Super Tehnik Pratama,26,0.9184852479216696
35,Kalimantan Timur,2023-04-05,Pemerintah Daerah Provinsi Kalimantan Timur,Lanjutan Pengendalian Banjir Loa Ipuh Kab. Kukar,Works,6505859190.66,Complete,Lanjutan Pengendalian Banjir Loa Ipuh Kab. Kukar,2023-04-05,5204687352.8,Cv. Arbie Karya Persada,19,0.8000000000418085
35,Kalimantan Timur,2023-04-06,Pemerintah Daerah Provinsi Kalimantan Timur,Pembangunan Penambahan Ruang Kelas Smkn 15 Samarinda,Works,1495949900.0,Complete,Pembangunan Penambahan Ruang Kelas Smkn 15 Samarinda,2023-04-06,1166883484.23,Cv. Krisna Utama Perkasa,27,0.7800284516413284
35,Kalimantan Timur,2023-04-06,Pemerintah Daerah Provinsi Kalimantan Timur,Pembangunan Penambahan Ruang Kelas Smkn 1 Anggana,Works,1496001223.47,Complete,Pembangunan Penambahan Ruang Kelas Smkn 1 Anggana,2023-04-06,1151920942.07,Cv. Gunung Agung Jaya,27,0.7699999999987299
35,Kalimantan Timur,2023-04-06,Pemerintah Daerah Provinsi Kalimantan Timur,Pembangunan Penambahan Ruang Kelas Smkn 1 Muara Jawa,Works,1496006400.0,Complete,Pembangunan Penambahan Ruang Kelas Smkn 1 Muara Jawa,2023-04-06,1175168492.86,Cv. Drafa Jaya,27,0.7855370758173227
35,Kalimantan Timur,2023-04-06,Pemerintah Daerah Provinsi Kalimantan Timur,Pembangunan Penambahan Ruang Kelas Smkn 1 Samboja,Works,1496005700.0,Complete,Pembangunan Penambahan Ruang Kelas Smkn 1 Samboja,2023-04-06,1151924441.73,Cv. Gunung Agung Jaya,27,0.770000035247192
35,Kalimantan Timur,2023-04-06,Pemerintah Daerah Provinsi Kalimantan Timur,Pembangunan Penambahan Ruang Kelas Smkn 1 Sebulu,Works,1492077200.0,Complete,Pembangunan Penambahan Ruang Kelas Smkn 1 Sebulu,2023-04-06,1148899457.0,Cv.Afka,27,0.7700000087126859
35,Kalimantan Timur,2023-04-06,Pemerintah Daerah Provinsi Kalimantan Timur,Pembangunan Penambahan Ruang Kelas Smkn 20 Samarinda,Works,1496007200.0,Complete,Pembangunan Penambahan Ruang Kelas Smkn 20 Samarinda,2023-04-06,1151925555.48,Cv.Afka,27,0.7700000076737599
35,Kalimantan Timur,2023-04-06,Pemerintah Daerah Provinsi Kalimantan Timur,Pembangunan Penambahan Ruang Kelas Smkn 8 Samarinda,Works,1496009031.0,Complete,Pembangunan Penambahan Ruang Kelas Smkn 8 Samarinda,2023-04-06,1166814461.54,Cv.Afka,27,0.7799514824854021
35,Kalimantan Timur,2023-04-06,Pemerintah Daerah Provinsi Kalimantan Timur,Pembangunan Ruang Kelas Dan Ruang Guru Smk N 1 Tenggarong Seberang,Works,1097375300.0,Complete,Pembangunan Ruang Kelas Dan Ruang Guru Smk N 1 Tenggarong Seberang,2023-04-06,843054879.0,Cv. Cahaya Hati,27,0.7682466326697894
35,Kalimantan Timur,2023-04-06,Pemerintah Daerah Provinsi Kalimantan Timur,Pembangunan Perpustakaan Smkn 4 Bontang,Works,965820600.0,Complete,Pembangunan Perpustakaan Smkn 4 Bontang,2023-04-06,751674053.98,Cv. Langit Jaya Nusantara,27,0.7782750274533387
35,Kalimantan Timur,2023-04-06,Pemerintah Daerah Provinsi Kalimantan Timur,Pengawasan (Supervisi) Penanganan Longsoran Spn Kab. Kukar,Services,376520000.0,Complete,Pengawasan (Supervisi) Penanganan Longsoran Spn Kab. Kukar,2023-04-06,341880000.0,Pt. Widya Aika Berkarya,27,0.907999575055774
35,Kalimantan Timur,2023-04-10,Pemerintah Daerah Provinsi Kalimantan Timur,Pembangunan Turap/Talud/Bronjong Ruas Jalan Simp. 4 Kaliorang - Talisayan,Works,12352175000.0,Complete,Pembangunan Turap/Talud/Bronjong Ruas Jalan Simp. 4 Kaliorang - Talisayan,2023-04-10,9881740000.0,Dian Pratama Sejahtera,17,0.8
35,Kalimantan Timur,2023-04-11,Pemerintah Daerah Provinsi Kalimantan Timur,Pembangunan Turap / Talud / Bronjong Ruas Jalan Tj. Redeb - Talisayan,Works,2482866900.0,Complete,Pembangunan Turap / Talud / Bronjong Ruas Jalan Tj. Redeb - Talisayan,2023-04-11,1986293520.0,Dian Pratama Sejahtera,18,0.8
35,Kalimantan Timur,2023-04-11,Pemerintah Daerah Provinsi Kalimantan Timur,Pembangunan Gedung Kantor Uptd Pprd Bapenda Wilayah Paser/Samsat Paser,Works,7996262300.0,Complete,Pembangunan Gedung Kantor Uptd Pprd Bapenda Wilayah Paser/Samsat Paser,2023-04-11,6236300000.0,Cv. Putra Semayang,18,0.779901879907066
35,Kalimantan Timur,2023-04-12,Pemerintah Daerah Provinsi Kalimantan Timur,Pembangunan Turap/Talud/Bronjong Ruas Jalan Akses Tol Palaran (Stadion Utama Palaran),Works,11646226000.0,Complete,Pembangunan Turap/Talud/Bronjong Ruas Jalan Akses Tol Palaran (Stadion Utama Palaran),2023-04-12,9316980800.0,Stone Borneo Construction,19,0.8
35,Kalimantan Timur,2023-04-12,Pemerintah Daerah Provinsi Kalimantan Timur,Perencanaan Usb Sma Negeri 9 Maratua,Services,723270894.0,Complete,Perencanaan Usb Sma Negeri 9 Maratua,2023-04-12,596494020.0,Pt Arcsindo Karya Utama,35,0.824717301564744
35,Kalimantan Timur,2023-04-12,Pemerintah Daerah Provinsi Kalimantan Timur,Pengawasan Pembangunan Gedung Auditorium Sekolah Khusus Olahraga Internasional,Services,443177490.0,Complete,Pengawasan Pembangunan Gedung Auditorium Sekolah Khusus Olahraga Internasional,2023-04-12,362974440.0,Cv. Risma Nugraha,35,0.8190272479768772
35,Kalimantan Timur,2023-04-12,Pemerintah Daerah Provinsi Kalimantan Timur,Pengawasan Pembangunan Unit Sekolah Baru (Usb) Sman 3 Kota Bangun,Services,563724711.0,Complete,Pengawasan Pembangunan Unit Sekolah Baru (Usb) Sman 3 Kota Bangun,2023-04-12,500554500.0,Pt. Inovasi Nusaniwe Konsultan,35,0.8879413838574836
35,Kalimantan Timur,2023-04-12,Pemerintah Daerah Provinsi Kalimantan Timur,Pengawasan Pembangunan Unit Sekolah Baru (Usb) Sman 3 Loa Kulu,Services,564270000.0,Complete,Pengawasan Pembangunan Unit Sekolah Baru (Usb) Sman 3 Loa Kulu,2023-04-12,490656075.0,Cv. Geosylva Lestari,35,0.8695413100111649
35,Kalimantan Timur,2023-04-12,Pemerintah Daerah Provinsi Kalimantan Timur,Pengawasan Pembangunan Usb (Unit Sekolah Baru) Smkn 3 Tanah Grogot,Services,999779000.0,Complete,Pengawasan Pembangunan Usb (Unit Sekolah Baru) Smkn 3 Tanah Grogot,2023-04-12,832062105.0,Pt. Marga Bhuana Jaya,35,0.8322460313729334
35,Kalimantan Timur,2023-04-12,Pemerintah Daerah Provinsi Kalimantan Timur,Pengawasan Pembangunan Kolam Renang Smkn 5 Balikpapan,Services,359197110.0,Complete,Pengawasan Pembangunan Kolam Renang Smkn 5 Balikpapan,2023-04-12,331977690.0,Cv. Risma Nugraha,35,0.9242214949891996
35,Kalimantan Timur,2023-04-12,Pemerintah Daerah Provinsi Kalimantan Timur,Pengawasan Pembangunan Kolam Renang Smkn Pelayaran,Services,359197110.0,Complete,Pengawasan Pembangunan Kolam Renang Smkn Pelayaran,2023-04-12,331977690.0,Cv. Risma Nugraha,35,0.9242214949891996
35,Kalimantan Timur,2023-04-12,Pemerintah Daerah Provinsi Kalimantan Timur,Pengawasan Pembangunan Gedung Serbaguna Smkn 1 Marangkayu,Services,216400000.0,Complete,Pengawasan Pembangunan Gedung Serbaguna Smkn 1 Marangkayu,2023-04-12,185788470.0,Cv. Risma Nugraha,35,0.8585419131238448
35,Kalimantan Timur,2023-04-12,Pemerintah Daerah Provinsi Kalimantan Timur,Pengawasan Pembangunan Gedung Serbaguna Smkn 4 Balikpapan,Services,216400000.0,Complete,Pengawasan Pembangunan Gedung Serbaguna Smkn 4 Balikpapan,2023-04-12,190727970.0,Cv. Risma Nugraha,35,0.8813676987060998
35,Kalimantan Timur,2023-04-12,Pemerintah Daerah Provinsi Kalimantan Timur,Pengawasan Pembangunan Gedung Serbaguna Smkn 8 Samarinda,Services,216400000.0,Complete,Pengawasan Pembangunan Gedung Serbaguna Smkn 8 Samarinda,2023-04-12,185788470.0,Cv. Risma Nugraha,35,0.8585419131238448
35,Kalimantan Timur,2023-04-12,Pemerintah Daerah Provinsi Kalimantan Timur,Perencanaan Rehab Gedung Smkn 2 Samarinda,Services,507631000.0,Complete,Perencanaan Rehab Gedung Smkn 2 Samarinda,2023-04-12,416090160.0,Pt. Paduraksa Konsultan,35,0.8196705086962774
35,Kalimantan Timur,2023-04-12,Pemerintah Daerah Provinsi Kalimantan Timur,Pengawasan Lanjutan Pembangunan Smkn 7 Balikpapan,Services,189338200.0,Complete,Pengawasan Lanjutan Pembangunan Smkn 7 Balikpapan,2023-04-12,152000625.0,Cv. Geosylva Lestari,35,0.8027995671238028
35,Kalimantan Timur,2023-04-12,Pemerintah Daerah Provinsi Kalimantan Timur,Lanjutan Pengendalian Banjir Sistem Loa Janan Dan Rapak Dalam Kota Samarinda,Works,4029435226.86,Complete,Lanjutan Pengendalian Banjir Sistem Loa Janan Dan Rapak Dalam Kota Samarinda,2023-04-12,3183506477.3,Arman Karya Mandiri,26,0.7900627006184182
35,Kalimantan Timur,2023-04-12,Pemerintah Daerah Provinsi Kalimantan Timur,Rehabilitasi Jaringan Irigasi Di. Labanan Kab. Berau,Works,5001288363.12,Complete,Rehabilitasi Jaringan Irigasi Di. Labanan Kab. Berau,2023-04-12,4001030690.4,Berdikari Pondasi Perkasa,12,0.799999999980805
35,Kalimantan Timur,2023-04-13,Pemerintah Daerah Provinsi Kalimantan Timur,Belanja Modal Bangunan Gedung Kantor (Penambahan Akses Lift Kantor Disdik),Works,698989000.0,Complete,Belanja Modal Bangunan Gedung Kantor (Penambahan Akses Lift Kantor Disdik),2023-04-13,680475000.0,Cv Alfath Saguna,14,0.9735131740270592
35,Kalimantan Timur,2023-04-13,Pemerintah Daerah Provinsi Kalimantan Timur,Belanja Modal Bangunan Gedung Kantor (Renovasi Ruang Data Center Dan Command Center),Works,1488391600.0,Complete,Belanja Modal Bangunan Gedung Kantor (Renovasi Ruang Data Center Dan Command Center),2023-04-13,1309900000.0,Cv Alfath Saguna,14,0.8800775279838988
35,Kalimantan Timur,2023-04-13,Pemerintah Daerah Provinsi Kalimantan Timur,Rehabilitasi Jaringan Irigasi D.I. Sungai Buluh Kab. Kutai Kartanegara,Works,4529475860.13,Complete,Rehabilitasi Jaringan Irigasi D.I. Sungai Buluh Kab. Kutai Kartanegara,2023-04-13,3439999000.0,Cv. Multi Karya Cipta,13,0.7594695514949203
35,Kalimantan Timur,2023-04-14,Pemerintah Daerah Provinsi Kalimantan Timur,"Pengawasan Teknis Rekonstruksi Jalan Km. 5,5 - Kariangau Balikpapan",Services,965056755.0,Complete,"Pengawasan Teknis Rekonstruksi Jalan Km. 5,5 - Kariangau Balikpapan",2023-04-14,904226757.0,Pt. Super Tehnik Pratama,29,0.9369674398061696
35,Kalimantan Timur,2023-04-14,Pemerintah Daerah Provinsi Kalimantan Timur,Pengawasan Teknis Rekonstruksi Jalan Tanjung Redeb - Talisayan 2,Services,989353767.0,Complete,Pengawasan Teknis Rekonstruksi Jalan Tanjung Redeb - Talisayan 2,2023-04-14,886407150.0,Cv. Lundayeh Borneo Consultant,29,0.8959455955657164
35,Kalimantan Timur,2023-04-14,Pemerintah Daerah Provinsi Kalimantan Timur,Pengawasan Teknis Rekonstruksi Jalan Tanjung Redeb - Talisayan 3,Services,989353767.0,Complete,Pengawasan Teknis Rekonstruksi Jalan Tanjung Redeb - Talisayan 3,2023-04-14,900236529.0,Cv.Pusaka Digjaya,29,0.909923789677146
35,Kalimantan Timur,2023-04-14,Pemerintah Daerah Provinsi Kalimantan Timur,Pengawasan Teknis Rekonstruksi Jalan Tanjung Redeb - Talisayan 6,Services,989353767.0,Complete,Pengawasan Teknis Rekonstruksi Jalan Tanjung Redeb - Talisayan 6,2023-04-14,850823880.0,Pt. Teknikal Global Konsultan,29,0.8599794212943044
35,Kalimantan Timur,2023-04-14,Pemerintah Daerah Provinsi Kalimantan Timur,Pengawasan Teknis Pembangunan Turap / Talud / Bronjong Ruas Jalan Simp. 3 Sambera - Ma. Badak,Services,962430051.0,Complete,Pengawasan Teknis Pembangunan Turap / Talud / Bronjong Ruas Jalan Simp. 3 Sambera - Ma. Badak,2023-04-14,861712980.0,Pt. Widya Aika Berkarya,29,0.8953512820018958
35,Kalimantan Timur,2023-04-18,Pemerintah Daerah Provinsi Kalimantan Timur,Pengawasan Lanjutan Pembangunan Jalan Penghubung Causeway Dan Drainase Pelabuhan Laut Maloy,Services,216339000.0,Complete,Pengawasan Lanjutan Pembangunan Jalan Penghubung Causeway Dan Drainase Pelabuhan Laut Maloy,2023-04-18,179382660.0,Cv. Wawinta Konsultan,28,0.8291739353514623
35,Kalimantan Timur,2023-04-18,Pemerintah Daerah Provinsi Kalimantan Timur,",Pengawasan Pembangunan Selasar Gedung Kantor",Services,195000000.0,Complete,",Pengawasan Pembangunan Selasar Gedung Kantor",2023-04-18,154640760.0,Cv. Geosylva Lestari,21,0.7930295384615385
35,Kalimantan Timur,2023-04-18,Pemerintah Daerah Provinsi Kalimantan Timur,Pembangunan Penambahan Ruang Kelas Smkn 11 Samarinda,Works,1495759200.0,Complete,Pembangunan Penambahan Ruang Kelas Smkn 11 Samarinda,2023-04-18,1163129145.65,Cv. Dirjaya Karya,19,0.7776179117935561
35,Kalimantan Timur,2023-04-18,Pemerintah Daerah Provinsi Kalimantan Timur,Pembangunan Penambahan Ruang Kelas Smkn 1 Rantau Pulung,Works,1495856700.0,Complete,Pembangunan Penambahan Ruang Kelas Smkn 1 Rantau Pulung,2023-04-18,1159291654.82,Cv Vendra Line Architecture,19,0.7750018132218146
35,Kalimantan Timur,2023-04-18,Pemerintah Daerah Provinsi Kalimantan Timur,Pengawasan Teknis Rekonstruksi Jalan Simp. 4 Kaliorang - Talisayan 3,Services,989353767.0,Complete,Pengawasan Teknis Rekonstruksi Jalan Simp. 4 Kaliorang - Talisayan 3,2023-04-18,873553461.0,Pt. Mitra Cipta Engineering,36,0.8829535906542922
35,Kalimantan Timur,2023-04-18,Pemerintah Daerah Provinsi Kalimantan Timur,Pengawasan Teknis Rekonstruksi Jalan P. Suryanata (Samarinda) (Pendamping Dak),Services,813315315.0,Complete,Pengawasan Teknis Rekonstruksi Jalan P. Suryanata (Samarinda) (Pendamping Dak),2023-04-18,747822540.0,Cv. Wawinta Konsultan,36,0.9194743123704734
35,Kalimantan Timur,2023-04-18,Pemerintah Daerah Provinsi Kalimantan Timur,Pengawasan Teknis Rekonstruksi Jalan Simp. 4 Kaliorang - Talisayan 4,Services,989353767.0,Complete,Pengawasan Teknis Rekonstruksi Jalan Simp. 4 Kaliorang - Talisayan 4,2023-04-18,884853150.0,Cv. Lundayeh Borneo Consultant,36,0.894374873290395
35,Kalimantan Timur,2023-04-18,Pemerintah Daerah Provinsi Kalimantan Timur,Pengawasan Teknis Pembangunan Jalan Ujoh Bilang - Long Bagun - Long Pahangai 2,Services,989353767.0,Complete,Pengawasan Teknis Pembangunan Jalan Ujoh Bilang - Long Bagun - Long Pahangai 2,2023-04-18,910200000.0,Cv. Geodetic Konsultan,36,0.9199944755453688
35,Kalimantan Timur,2023-04-18,Pemerintah Daerah Provinsi Kalimantan Timur,Pengawasan Teknis Rekonstruksi Jalan Tanjung Redeb - Talisayan 7,Services,989353767.0,Complete,Pengawasan Teknis Rekonstruksi Jalan Tanjung Redeb - Talisayan 7,2023-04-18,871350000.0,Cv. Era Teknik Consultant,36,0.8807264186623348
35,Kalimantan Timur,2023-04-18,Pemerintah Daerah Provinsi Kalimantan Timur,Pengawasan Teknis Rekonstruksi Jalan Simp. Samboja - Muara Jawa,Services,825299652.0,Complete,Pengawasan Teknis Rekonstruksi Jalan Simp. Samboja - Muara Jawa,2023-04-18,704850000.0,Cv. Era Teknik Consultant,36,0.854053431734635
35,Kalimantan Timur,2023-04-18,Pemerintah Daerah Provinsi Kalimantan Timur,Pengawasan Teknis Rekonstruksi Jalan Akses Tol Palaran (Stadion Utama Palaran),Services,948858747.0,Complete,Pengawasan Teknis Rekonstruksi Jalan Akses Tol Palaran (Stadion Utama Palaran),2023-04-18,853884150.0,Cv. Lundayeh Borneo Consultant,36,0.8999064957768682
35,Kalimantan Timur,2023-04-18,Pemerintah Daerah Provinsi Kalimantan Timur,Pembangunan Jembatan Sei. Nibung,Works,57954079000.0,Complete,Pembangunan Jembatan Sei. Nibung,2023-04-18,50114665150.79,Pt. Arkindo,15,0.8647305938688112
35,Kalimantan Timur,2023-04-18,Pemerintah Daerah Provinsi Kalimantan Timur,Identifikasi Wilayah Kumuh/Bangunan Liar Di Bantaran Sungai Provinsi Kalimantan Timur,Services,656770350.0,Complete,Identifikasi Wilayah Kumuh/Bangunan Liar Di Bantaran Sungai Provinsi Kalimantan Timur,2023-04-18,492582480.0,Pt Citra Bintang Mataram,28,0.7500071828760235
35,Kalimantan Timur,2023-04-18,Pemerintah Daerah Provinsi Kalimantan Timur,Pengawasan Rehabilitasi Rumah Tidak Layak Huni Di Kabupaten Berau,Services,336419577.0,Complete,Pengawasan Rehabilitasi Rumah Tidak Layak Huni Di Kabupaten Berau,2023-04-18,292152000.0,Pt. Arista Gemilang Konsulindo,28,0.8684155738059204
35,Kalimantan Timur,2023-04-18,Pemerintah Daerah Provinsi Kalimantan Timur,Pengawasan Rehabilitasi Rumah Tidak Layak Huni Di Kabupaten Kutai Barat,Services,268925305.5,Complete,Pengawasan Rehabilitasi Rumah Tidak Layak Huni Di Kabupaten Kutai Barat,2023-04-18,228682200.0,Pt. Alocita Mandiri,33,0.8503558249188268
35,Kalimantan Timur,2023-04-18,Pemerintah Daerah Provinsi Kalimantan Timur,Pengawasan Rehabilitasi Rumah Tidak Layak Huni Di Kabupaten Paser,Services,243442869.0,Complete,Pengawasan Rehabilitasi Rumah Tidak Layak Huni Di Kabupaten Paser,2023-04-18,195304500.0,Cv. Wahana Cahaya Konsultan,33,0.8022600982409552
35,Kalimantan Timur,2023-04-18,Pemerintah Daerah Provinsi Kalimantan Timur,Pengawasan Rehabilitasi Rumah Tidak Layak Huni Di Kabupaten Penajam Paser Utara,Services,314290173.0,Complete,Pengawasan Rehabilitasi Rumah Tidak Layak Huni Di Kabupaten Penajam Paser Utara,2023-04-18,232533900.0,Cv. Wahana Cahaya Konsultan,33,0.739870094506582
35,Kalimantan Timur,2023-04-18,Pemerintah Daerah Provinsi Kalimantan Timur,Pengawasan Rehabilitasi Rumah Tidak Layak Huni Di Kabupaten Kutai Kartanegara,Services,336419577.0,Complete,Pengawasan Rehabilitasi Rumah Tidak Layak Huni Di Kabupaten Kutai Kartanegara,2023-04-18,275280000.0,Pt. Inovasi Nusaniwe Konsultan,33,0.8182639145283748
35,Kalimantan Timur,2023-04-18,Pemerintah Daerah Provinsi Kalimantan Timur,Perencanaan Peningkatan Prasarana Dan Utilitas Umum (Psu) Permukiman Kab. Kutai Barat,Services,255606249.0,Complete,Perencanaan Peningkatan Prasarana Dan Utilitas Umum (Psu) Permukiman Kab. Kutai Barat,2023-04-18,222011100.0,Pt. Widya Aika Berkarya,33,0.8685667931381443
35,Kalimantan Timur,2023-04-18,Pemerintah Daerah Provinsi Kalimantan Timur,Pengawasan Jalan Akses Tahap Ii (Lanjutan) Di Lingkungan Rsud Aw. Syahrani,Services,336741255.0,Complete,Pengawasan Jalan Akses Tahap Ii (Lanjutan) Di Lingkungan Rsud Aw. Syahrani,2023-04-18,305993700.0,Pt. Super Tehnik Pratama,33,0.9086908582080327
35,Kalimantan Timur,2023-04-18,Pemerintah Daerah Provinsi Kalimantan Timur,Rehabilitasi Jaringan Irigasi Di. Merancang Kab. Berau,Works,4202653506.3,Complete,Rehabilitasi Jaringan Irigasi Di. Merancang Kab. Berau,2023-04-18,3184738160.0,Cv. Kadera,18,0.757792227036064
35,Kalimantan Timur,2023-04-18,Pemerintah Daerah Provinsi Kalimantan Timur,Normalisasi Sungai Marangkayu,Works,2001874011.0,Complete,Normalisasi Sungai Marangkayu,2023-04-18,1234000000.0,Fajar Sari,18,0.6164224088126193
35,Kalimantan Timur,2023-04-18,Pemerintah Daerah Provinsi Kalimantan Timur,Identifikasi Lahan - Lahan Potensial Sebagai Relokasi Perumahan,Services,369616569.0,Complete,Identifikasi Lahan - Lahan Potensial Sebagai Relokasi Perumahan,2023-04-18,332510823.0,Pt. Tata Guna Matra,27,0.8996101660150414
35,Kalimantan Timur,2023-04-27,Pemerintah Daerah Provinsi Kalimantan Timur,Pengawasan Teknis Rekonstruksi Jalan Simp. 4 Kaliorang - Talisayan 1,Services,989353767.0,Complete,Pengawasan Teknis Rekonstruksi Jalan Simp. 4 Kaliorang - Talisayan 1,2023-04-27,872718630.0,Cv. Risma Nugraha,37,0.8821097762090999
35,Kalimantan Timur,2023-04-27,Pemerintah Daerah Provinsi Kalimantan Timur,Pengawasan Teknis Pembangunan Jembatan Sei. Paluq - Mahakam Ulu,Services,989353767.0,Complete,Pengawasan Teknis Pembangunan Jembatan Sei. Paluq - Mahakam Ulu,2023-04-27,840381000.0,Pt. Teknikal Global Konsultan,37,0.8494241676041447
35,Kalimantan Timur,2023-04-27,Pemerintah Daerah Provinsi Kalimantan Timur,Pengawasan Teknis Pembangunan Turap / Talud / Bronjong Ruas Jalan Simp. Lembuswana - Sebulu 2,Services,825299652.0,Complete,Pengawasan Teknis Pembangunan Turap / Talud / Bronjong Ruas Jalan Simp. Lembuswana - Sebulu 2,2023-04-27,742306506.0,Pt. Super Tehnik Pratama,37,0.8994387725732375
35,Kalimantan Timur,2023-04-27,Pemerintah Daerah Provinsi Kalimantan Timur,Pengawasan Teknis Pembangunan Turap / Talud / Bronjong Ruas Jalan Samarinda - Anggana,Services,962430051.0,Complete,Pengawasan Teknis Pembangunan Turap / Talud / Bronjong Ruas Jalan Samarinda - Anggana,2023-04-27,900143178.0,Pt Arcsindo Karya Utama,37,0.9352816623553248
35,Kalimantan Timur,2023-04-28,Pemerintah Daerah Provinsi Kalimantan Timur,Pengawasan Pembangunan Gedung Serbaguna Smkn 2 Berau,Services,216400000.0,Complete,Pengawasan Pembangunan Gedung Serbaguna Smkn 2 Berau,2023-04-28,190727970.0,Cv. Risma Nugraha,35,0.8813676987060998
35,Kalimantan Timur,2023-04-28,Pemerintah Daerah Provinsi Kalimantan Timur,Perencanaan Pembangunan Rps Smkn 1 Samarinda,Services,255744000.0,Complete,Perencanaan Pembangunan Rps Smkn 1 Samarinda,2023-04-28,191700330.0,Pt. Darmasraya Mitra Amerta,35,0.7495789930555555
35,Kalimantan Timur,2023-04-28,Pemerintah Daerah Provinsi Kalimantan Timur,Pengawasan Rehabilitasi Ruang Kelas Sman 5 Balikpapan,Services,376314200.0,Complete,Pengawasan Rehabilitasi Ruang Kelas Sman 5 Balikpapan,2023-04-28,333000000.0,Adhi Teknik,38,0.8848988425097963
35,Kalimantan Timur,2023-04-28,Pemerintah Daerah Provinsi Kalimantan Timur,Perencanaan Pembangunan Asrama Siswa Sman 10 Samarinda,Services,1211561670.0,Complete,Perencanaan Pembangunan Asrama Siswa Sman 10 Samarinda,2023-04-28,1110000000.0,Pt. Marannu Maraya Maindan,38,0.9161729258074004
35,Kalimantan Timur,2023-04-28,Pemerintah Daerah Provinsi Kalimantan Timur,Lanjutan Pembangunan Pengaman Pantai Tanjung Jumlai Kab. Ppu,Works,6517979271.78,Complete,Lanjutan Pembangunan Pengaman Pantai Tanjung Jumlai Kab. Ppu,2023-04-28,4877777000.0,Cv. Multi Karya Cipta,25,0.7483572433435991
35,Kalimantan Timur,2023-04-28,Pemerintah Daerah Provinsi Kalimantan Timur,Pembangunan Laboratorium,Works,948779000.0,Complete,Pembangunan Laboratorium,2023-04-28,719559609.0,Cv. Multi Karya Cipta,18,0.7584059185542682
35,Kalimantan Timur,2023-04-28,Pemerintah Daerah Provinsi Kalimantan Timur,Renovasi Gudang Alsin Batuah & Renovasi Gudang Saprodi Batuah,Works,1461998000.0,Complete,Renovasi Gudang Alsin Batuah & Renovasi Gudang Saprodi Batuah,2023-04-28,1161709560.9,Cv. Bilqis Cahaya Abadi,18,0.7946040698414089
35,Kalimantan Timur,2023-04-28,Pemerintah Daerah Provinsi Kalimantan Timur,"Pembangunan Gazebo, Wc Dan Dapur Kantor",Works,404938000.0,Complete,"Pembangunan Gazebo, Wc Dan Dapur Kantor",2023-04-28,337831386.0,Tawakal Sejahtera,18,0.8342792871995219
35,Kalimantan Timur,2023-04-28,Pemerintah Daerah Provinsi Kalimantan Timur,Renovasi Gudang Alsin Rempanga & Renovasi Gudang Saprodi Rempanga,Works,919429000.0,Complete,Renovasi Gudang Alsin Rempanga & Renovasi Gudang Saprodi Rempanga,2023-04-28,719806937.56,Cv. Drafa Jaya,18,0.7828847442923814
35,Kalimantan Timur,2023-05-02,Pemerintah Daerah Provinsi Kalimantan Timur,Renovasi Gudang Penyimpanan Benih Rempanga,Works,726070000.0,Complete,Renovasi Gudang Penyimpanan Benih Rempanga,2023-05-02,557108011.78,Cv. Drafa Jaya,20,0.7672924260470753
35,Kalimantan Timur,2023-05-03,Pemerintah Daerah Provinsi Kalimantan Timur,Belanja Modal Bangunan Gedung Kantor (Pemeliharaan Gedung Kantor Disdik),Works,1488931000.0,Complete,Belanja Modal Bangunan Gedung Kantor (Pemeliharaan Gedung Kantor Disdik),2023-05-03,1171381000.0,Cv. Kawan Konstruksi,19,0.7867261814012873
35,Kalimantan Timur,2023-05-03,Pemerintah Daerah Provinsi Kalimantan Timur,Peningkatan Jaringan Irigasi D.I. Labanan (Dak Penugasan),Works,1974825852.9,Complete,Peningkatan Jaringan Irigasi D.I. Labanan (Dak Penugasan),2023-05-03,1449037601.91,Cv. Yan'S Perdana,19,0.7337546243797202
35,Kalimantan Timur,2023-05-04,Pemerintah Daerah Provinsi Kalimantan Timur,Belanja Modal Bangunan Gedung Kantor,Services,2499000000.0,Complete,Belanja Modal Bangunan Gedung Kantor,2023-05-04,2264400000.0,Pt. Marannu Maraya Maindan,35,0.9061224489795918
35,Kalimantan Timur,2023-05-04,Pemerintah Daerah Provinsi Kalimantan Timur,Pembangunan Lanjutan Sman 17 Samarinda,Works,15141580000.0,Complete,Pembangunan Lanjutan Sman 17 Samarinda,2023-05-04,11950041910.45,Pt. Hiqmah Aldina Prima,23,0.78922027360751
35,Kalimantan Timur,2023-05-04,Pemerintah Daerah Provinsi Kalimantan Timur,Pembangunan Kolam Renang Smkn 5 Balikpapan,Works,7996145292.3,Complete,Pembangunan Kolam Renang Smkn 5 Balikpapan,2023-05-04,6580495204.76,Cv. Anindhika Pratama,23,0.8229584336213576
35,Kalimantan Timur,2023-05-04,Pemerintah Daerah Provinsi Kalimantan Timur,Pembangunan Kolam Renang Smkn Pelayaran,Works,7996146090.66,Complete,Pembangunan Kolam Renang Smkn Pelayaran,2023-05-04,7539815973.62,Cv. Anindhika Pratama,23,0.942931243143116
35,Kalimantan Timur,2023-05-04,Pemerintah Daerah Provinsi Kalimantan Timur,Pagar Depan Kebun Sepaku,Works,501166000.0,Complete,Pagar Depan Kebun Sepaku,2023-05-04,333514440.43,Cv. Sembilan Warna,22,0.6654769885227649
35,Kalimantan Timur,2023-05-04,Pemerintah Daerah Provinsi Kalimantan Timur,Renovasi Lantai Jemur Rempanga,Works,336679000.0,Complete,Renovasi Lantai Jemur Rempanga,2023-05-04,258792974.11,Cv.Lintas Bumi,22,0.7686638433344521
35,Kalimantan Timur,2023-05-05,Pemerintah Daerah Provinsi Kalimantan Timur,Pembangunan Gedung Serbaguna Smkn 2 Berau,Works,3997053653.45,Complete,Pembangunan Gedung Serbaguna Smkn 2 Berau,2023-05-05,3156274349.11,Cv. Bilqis Cahaya Abadi,24,0.789650233087491
35,Kalimantan Timur,2023-05-05,Pemerintah Daerah Provinsi Kalimantan Timur,Lanjutan Pembangunan Drainase Di Panjaitan Kota Samarinda (Sistem Sungai Karang Mumus),Works,4533079388.55,Complete,Lanjutan Pembangunan Drainase Di Panjaitan Kota Samarinda (Sistem Sungai Karang Mumus),2023-05-05,3510231284.97,Cv. Arbie Karya Persada,32,0.7743591020789116
35,Kalimantan Timur,2023-05-05,Pemerintah Daerah Provinsi Kalimantan Timur,Rehabilitasi Jaringan Irigasi Di. Semurut Buyung - Buyung Kab. Berau,Works,5001289060.2,Complete,Rehabilitasi Jaringan Irigasi Di. Semurut Buyung - Buyung Kab. Berau,2023-05-05,3804140967.75,"Stevano Jaya,Cv",35,0.7606320934383012
35,Kalimantan Timur,2023-05-09,Pemerintah Daerah Provinsi Kalimantan Timur,Lanjutan Pembangunan Drainase Sekunder Depsos Atas Kota Balikpapan,Works,5036793824.34,Complete,Lanjutan Pembangunan Drainase Sekunder Depsos Atas Kota Balikpapan,2023-05-09,4000273363.42,Kertajaya Sejahtera,29,0.7942102660801643
35,Kalimantan Timur,2023-05-10,Pemerintah Daerah Provinsi Kalimantan Timur,Pembangunan Selasar Gedung Kantor,Works,7786769857.69,Complete,Pembangunan Selasar Gedung Kantor,2023-05-10,5746879537.69,Cv. Rahman,30,0.7380312559275833
35,Kalimantan Timur,2023-05-10,Pemerintah Daerah Provinsi Kalimantan Timur,Pengawasan (Supervisi) Pembangunan Graha Pmii Kota Samarinda,Services,257446795.5,Complete,Pengawasan (Supervisi) Pembangunan Graha Pmii Kota Samarinda,2023-05-10,180781260.0,Cv. Risma Nugraha,35,0.7022082354876311
35,Kalimantan Timur,2023-05-10,Pemerintah Daerah Provinsi Kalimantan Timur,Pengawasan (Supervisi) Revitalisasi Penataan Kawasan Taman Makam Pahlawan Kesuma Bangsa,Services,320790000.0,Complete,Pengawasan (Supervisi) Revitalisasi Penataan Kawasan Taman Makam Pahlawan Kesuma Bangsa,2023-05-10,261371700.0,Cv. Duta Pontana,35,0.8147750865051903
35,Kalimantan Timur,2023-05-11,Pemerintah Daerah Provinsi Kalimantan Timur,Pembangunan Gedung Serbaguna Smkn 1 Marangkayu,Works,3997598404.57,Complete,Pembangunan Gedung Serbaguna Smkn 1 Marangkayu,2023-05-11,3140792029.88,Cv. Bilqis Cahaya Abadi,30,0.7856697226738657
35,Kalimantan Timur,2023-05-11,Pemerintah Daerah Provinsi Kalimantan Timur,Pembangunan Gedung Serbaguna Smkn 4 Balikpapan,Works,3998056339.96,Complete,Pembangunan Gedung Serbaguna Smkn 4 Balikpapan,2023-05-11,3158271666.17,Cv. Gunung Agung Jaya,30,0.7899517659627573
35,Kalimantan Timur,2023-05-11,Pemerintah Daerah Provinsi Kalimantan Timur,Pembangunan Gedung Serbaguna Smkn 8 Samarinda,Works,3998034980.16,Complete,Pembangunan Gedung Serbaguna Smkn 8 Samarinda,2023-05-11,3129472377.69,Cv. Gunung Agung Jaya,29,0.7827526255322458
35,Kalimantan Timur,2023-05-11,Pemerintah Daerah Provinsi Kalimantan Timur,Lanjutan Pengendalian Banjir Semani (Sentosa-Remaja-A.Yani),Works,5540473497.15,Complete,Lanjutan Pengendalian Banjir Semani (Sentosa-Remaja-A.Yani),2023-05-11,4141000000.0,Cv. Gading Kencono Emas,41,0.7474090440338927
35,Kalimantan Timur,2023-05-12,Pemerintah Daerah Provinsi Kalimantan Timur,Pembangunan Turap / Talud / Bronjong Ruas Jalan Km. 38 - Simp. Samboja,Works,9104163900.0,Complete,Pembangunan Turap / Talud / Bronjong Ruas Jalan Km. 38 - Simp. Samboja,2023-05-12,7168395469.67,Pt. Azka Jaya Konstruksi,14,0.7873754853721383
35,Kalimantan Timur,2023-05-12,Pemerintah Daerah Provinsi Kalimantan Timur,Pembangunan Usb (Unit Sekolah Baru) Sma Negeri 3 Kota Bangun,Works,10679833000.0,Complete,Pembangunan Usb (Unit Sekolah Baru) Sma Negeri 3 Kota Bangun,2023-05-12,8203954714.04,Cv. Rotan Jaya Utama,30,0.7681725654361824
35,Kalimantan Timur,2023-05-12,Pemerintah Daerah Provinsi Kalimantan Timur,Pembangunan Unit Sekolah Baru (Usb) Sman 3 Loa Kulu,Works,10679566000.0,Complete,Pembangunan Unit Sekolah Baru (Usb) Sman 3 Loa Kulu,2023-05-12,8434488162.31,Cv. Empat Saudara Tangguh,30,0.7897781765953785
35,Kalimantan Timur,2023-05-12,Pemerintah Daerah Provinsi Kalimantan Timur,Pembangunan Masjid Darul Maarif Di Kutai Kartanegara,Works,5124100000.0,Complete,Pembangunan Masjid Darul Maarif Di Kutai Kartanegara,2023-05-12,4146995565.14,Cv. Karya Dwi Putra,14,0.8093119894498546
35,Kalimantan Timur,2023-05-12,Pemerintah Daerah Provinsi Kalimantan Timur,Belanja Modal Bangunan Gedung Kantor Cabang Dinas Pendidikan Wilayah Vi,Works,3103080000.0,Complete,Belanja Modal Bangunan Gedung Kantor Cabang Dinas Pendidikan Wilayah Vi,2023-05-12,2429794272.61,Cv Vendra Line Architecture,14,0.7830266292232234
35,Kalimantan Timur,2023-05-12,Pemerintah Daerah Provinsi Kalimantan Timur,Pengawasan (Supervisi) Pembangunan Klinik Dan Umkm Center Masjid Agung Sultan Aji Muhammad Sulaiman Tenggarong,Services,532998400.0,Complete,Pengawasan (Supervisi) Pembangunan Klinik Dan Umkm Center Masjid Agung Sultan Aji Muhammad Sulaiman Tenggarong,2023-05-12,436628490.0,Pt.Asri Adyatama,36,0.8191928718735366
35,Kalimantan Timur,2023-05-15,Pemerintah Daerah Provinsi Kalimantan Timur,Pengawasan Rehabilitasi Gedung Sman 3 Balikpapan,Services,374853660.0,Complete,Pengawasan Rehabilitasi Gedung Sman 3 Balikpapan,2023-05-15,344100000.0,Adhi Teknik,34,0.9179582240173404
35,Kalimantan Timur,2023-05-15,Pemerintah Daerah Provinsi Kalimantan Timur,Pengawasan Pembangunan Masjid Sman 10 Samarinda,Services,723558495.0,Complete,Pengawasan Pembangunan Masjid Sman 10 Samarinda,2023-05-15,643846620.0,Cv. Wahana Cahaya Konsultan,34,0.889833544142136
35,Kalimantan Timur,2023-05-15,Pemerintah Daerah Provinsi Kalimantan Timur,Perencanaan Pembangunan Gedung Sekolah Sman 15 Samarinda,Services,208463550.0,Complete,Perencanaan Pembangunan Gedung Sekolah Sman 15 Samarinda,2023-05-15,184931550.0,Pt Arcsindo Karya Utama,34,0.8871169564175607
35,Kalimantan Timur,2023-05-15,Pemerintah Daerah Provinsi Kalimantan Timur,Belanja Modal Bangunan Pembuatan Turap Dan Pagar Cabang Dinas Pendidikan Wilayah Vi,Works,1489478000.0,Complete,Belanja Modal Bangunan Pembuatan Turap Dan Pagar Cabang Dinas Pendidikan Wilayah Vi,2023-05-15,1166248143.33,Cv Vendra Line Architecture,17,0.7829911843813738
35,Kalimantan Timur,2023-05-17,Pemerintah Daerah Provinsi Kalimantan Timur,Pengawasan Peningkatan Prasarana Dan Utilitas Umum (Psu) Permukiman,Services,523825705.5,Complete,Pengawasan Peningkatan Prasarana Dan Utilitas Umum (Psu) Permukiman,2023-05-17,444821733.0,Cv. Risma Nugraha,35,0.8491788935317913
35,Kalimantan Timur,2023-05-17,Pemerintah Daerah Provinsi Kalimantan Timur,Pengawasan Rehabilitasi Rumah Tidak Layak Huni Di Kota Balikpapan,Services,161440897.5,Complete,Pengawasan Rehabilitasi Rumah Tidak Layak Huni Di Kota Balikpapan,2023-05-17,129141840.0,Cv. Risma Nugraha,35,0.7999326193042255
35,Kalimantan Timur,2023-05-17,Pemerintah Daerah Provinsi Kalimantan Timur,Pengawasan Rehabilitasi Rumah Tidak Layak Huni Di Kota Bontang,Services,161440897.5,Complete,Pengawasan Rehabilitasi Rumah Tidak Layak Huni Di Kota Bontang,2023-05-17,134691840.0,Pt. Arista Gemilang Konsulindo,35,0.8343105253115928
35,Kalimantan Timur,2023-05-17,Pemerintah Daerah Provinsi Kalimantan Timur,Rehabilitasi Jaringan Irigasi Daerah Rawa Suliliran Kab. Paser,Works,4025906809.92,Complete,Rehabilitasi Jaringan Irigasi Daerah Rawa Suliliran Kab. Paser,2023-05-17,2402919566.74,Cv. Ring Land,47,0.5968641799703627
35,Kalimantan Timur,2023-05-17,Pemerintah Daerah Provinsi Kalimantan Timur,Pengawasan Peningkatan Kualitas Kawasan Kumuh Perkotaan Kel. Teluk Bayur Kabupaten Berau,Services,216387285.0,Complete,Pengawasan Peningkatan Kualitas Kawasan Kumuh Perkotaan Kel. Teluk Bayur Kabupaten Berau,2023-05-17,194172300.0,Cv. Executive 04 Consultant,35,0.8973369206975355
35,Kalimantan Timur,2023-05-17,Pemerintah Daerah Provinsi Kalimantan Timur,Pengawasan Peningkatan Kualitas Kawasan Kumuh Perkotaan Sambaliung I Kab. Berau,Services,216387285.0,Complete,Pengawasan Peningkatan Kualitas Kawasan Kumuh Perkotaan Sambaliung I Kab. Berau,2023-05-17,183499095.0,Cv. Carabiner Engineering Consultan,35,0.8480123728157133
35,Kalimantan Timur,2023-05-17,Pemerintah Daerah Provinsi Kalimantan Timur,Pengawasan Peningkatan Psu Permukiman Di Permukiman Loa Bakung I Samarinda,Services,161646525.0,Complete,Pengawasan Peningkatan Psu Permukiman Di Permukiman Loa Bakung I Samarinda,2023-05-17,136197000.0,Cv. Lundayeh Borneo Consultant,35,0.842560642735747
35,Kalimantan Timur,2023-05-17,Pemerintah Daerah Provinsi Kalimantan Timur,Pengawasan Peningkatan Psu Permukiman Di Permukiman Lok Bahu Samarinda,Services,189314940.0,Complete,Pengawasan Peningkatan Psu Permukiman Di Permukiman Lok Bahu Samarinda,2023-05-17,147000630.0,Cv. Lundayeh Borneo Consultant,35,0.7764872122612193
35,Kalimantan Timur,2023-05-17,Pemerintah Daerah Provinsi Kalimantan Timur,Review Design D.I. Merancang Kabupaten Berau,Services,424454565.0,Complete,Review Design D.I. Merancang Kabupaten Berau,2023-05-17,348003315.0,Pt. Arista Gemilang Konsulindo,35,0.819883548666746
35,Kalimantan Timur,2023-05-19,Pemerintah Daerah Provinsi Kalimantan Timur,Belanja Modal Bangunan Gedung Kantor Dan Landscape Taman,Works,5600569876.11,Complete,Belanja Modal Bangunan Gedung Kantor Dan Landscape Taman,2023-05-19,4450607425.0,Cv. Rizky Putera,21,0.7946704573733965
35,Kalimantan Timur,2023-05-19,Pemerintah Daerah Provinsi Kalimantan Timur,Jasa Konsultansi Pengawasan Pekerjaan Pembangunan Kios Kuliner Ppi Sangatta,Services,161750000.0,Complete,Jasa Konsultansi Pengawasan Pekerjaan Pembangunan Kios Kuliner Ppi Sangatta,2023-05-19,154016940.0,Cv. Wahana Cahaya Konsultan,39,0.9521912828438948
35,Kalimantan Timur,2023-05-19,Pemerintah Daerah Provinsi Kalimantan Timur,Pembangunan Asrama Panti Asuhan Darul Falah,Works,2994055800.0,Complete,Pembangunan Asrama Panti Asuhan Darul Falah,2023-05-19,2399558491.67,Cv. Alirazka Mandiri,21,0.8014408053684237
35,Kalimantan Timur,2023-05-23,Pemerintah Daerah Provinsi Kalimantan Timur,Pengawasan (Supervisi) Rehabilitasi Panti Kewenangan Pemprov Di Samarinda,Services,1329690000.0,Complete,Pengawasan (Supervisi) Rehabilitasi Panti Kewenangan Pemprov Di Samarinda,2023-05-23,1130255280.0,Pt Geomap International Consultant,39,0.8500141235927171
35,Kalimantan Timur,2023-05-23,Pemerintah Daerah Provinsi Kalimantan Timur,Lanjutan Pembangunan Smkn 7 Balikpapan,Works,3305454484.75,Complete,Lanjutan Pembangunan Smkn 7 Balikpapan,2023-05-23,2179482012.44,Cv. Putra Samarinda,18,0.6593592567966762
35,Kalimantan Timur,2023-05-24,Pemerintah Daerah Provinsi Kalimantan Timur,Identifikasi Rumah Terkena Relokasi Program Provinsi,Services,656770350.0,Complete,Identifikasi Rumah Terkena Relokasi Program Provinsi,2023-05-24,459737580.0,Pt Citra Bintang Mataram,36,0.6999974648672858
35,Kalimantan Timur,2023-05-24,Pemerintah Daerah Provinsi Kalimantan Timur,Pengadaan Bangunan Pengembangan Operasional Kantor Dan Fasilitas Pendukungnya (Dbh Sda Dr) Kphp Kendilo,Works,979822994.88,Complete,Pengadaan Bangunan Pengembangan Operasional Kantor Dan Fasilitas Pendukungnya (Dbh Sda Dr) Kphp Kendilo,2023-05-24,804634154.3,Cv Zni Mulia,14,0.8212035832028461
35,Kalimantan Timur,2023-05-24,Pemerintah Daerah Provinsi Kalimantan Timur,Konsolidasi Pengawasan Pembangunan Plts Desa Deraya Dan Lemper Dan Pengawasan Pembangunan Plts Desa Ujoh Halang,Services,821501010.0,Complete,Konsolidasi Pengawasan Pembangunan Plts Desa Deraya Dan Lemper Dan Pengawasan Pembangunan Plts Desa Ujoh Halang,2023-05-24,812742000.0,Pt Energi Borneo Terbarukan,36,0.989337797649208
35,Kalimantan Timur,2023-05-24,Pemerintah Daerah Provinsi Kalimantan Timur,Konsolidasi Pengawasan Pembangunan Plts Desa Matalibaq Dan Pengawasan Revitalisasi Plts Desa Labuang Kallo,Services,932630880.0,Complete,Konsolidasi Pengawasan Pembangunan Plts Desa Matalibaq Dan Pengawasan Revitalisasi Plts Desa Labuang Kallo,2023-05-24,920190000.0,Araya Consultindo,36,0.9866604459848036
35,Kalimantan Timur,2023-05-24,Pemerintah Daerah Provinsi Kalimantan Timur,"Konsolidasi Pengawasan Pembangunan Plts Desa Long Sului, Desa Pegat Betumbuk, Dan Dusun Mului",Services,862330140.0,Complete,"Konsolidasi Pengawasan Pembangunan Plts Desa Long Sului, Desa Pegat Betumbuk, Dan Dusun Mului",2023-05-24,850593000.0,Araya Consultindo,36,0.9863890412087416
35,Kalimantan Timur,2023-05-25,Pemerintah Daerah Provinsi Kalimantan Timur,Pekerjaan Pembangunan Kios Kuliner Ppi Sangatta,Works,2502052000.0,Complete,Pekerjaan Pembangunan Kios Kuliner Ppi Sangatta,2023-05-25,1900305561.1,"Widya Tama Indah, Cv",22,0.75949882780214
35,Kalimantan Timur,2023-05-25,Pemerintah Daerah Provinsi Kalimantan Timur,Pengadaan Bangunan Workshop Karhutla (Uptd Kphp Telake),Works,968200000.0,Complete,Pengadaan Bangunan Workshop Karhutla (Uptd Kphp Telake),2023-05-25,774562893.21,Cv.Alfi Mandiri,13,0.8000029882359017
35,Kalimantan Timur,2023-05-25,Pemerintah Daerah Provinsi Kalimantan Timur,Belanja Modal Bangunan Gedung Kantor-Pembangunan Gedung Penampungan Kayu Dan Pagar Gedung Penampungan Kayu Uptd Kphp Berau Barat,Works,2507159000.0,Complete,Belanja Modal Bangunan Gedung Kantor-Pembangunan Gedung Penampungan Kayu Dan Pagar Gedung Penampungan Kayu Uptd Kphp Berau Barat,2023-05-25,1885550346.99,Cv . Devon Jaya Lestari,13,0.7520665211061605
35,Kalimantan Timur,2023-05-26,Pemerintah Daerah Provinsi Kalimantan Timur,Belanja Modal Bangunan Gedung Kantor-Pembangunan Workshop Karhutla Uptd Kphp Berau Barat,Works,3074377000.0,Complete,Belanja Modal Bangunan Gedung Kantor-Pembangunan Workshop Karhutla Uptd Kphp Berau Barat,2023-05-26,2459501599.99,Cv. Citra Maju Bersama,17,0.7999999999967472
35,Kalimantan Timur,2023-05-29,Pemerintah Daerah Provinsi Kalimantan Timur,Rehab Rumah Sekda Prov Kaltim Jalan M. Yamin,Works,1198870600.0,Complete,Rehab Rumah Sekda Prov Kaltim Jalan M. Yamin,2023-05-29,959096480.0,Cv. Cahaya Hati,31,0.8
35,Kalimantan Timur,2023-05-29,Pemerintah Daerah Provinsi Kalimantan Timur,Pengadaan Blanko Surat Ketetapan Pajak Daerah Bapenda Kaltim,Goods,1831500000.0,Complete,Pengadaan Blanko Surat Ketetapan Pajak Daerah Bapenda Kaltim,2023-05-29,969862500.0,Pt. Aridas Karya Satria,17,0.5295454545454545
35,Kalimantan Timur,2023-05-30,Pemerintah Daerah Provinsi Kalimantan Timur,Pembangunan Usb (Unit Sekolah Baru) Smkn 3 Tanah Grogot,Works,29996000064.88,Complete,Pembangunan Usb (Unit Sekolah Baru) Smkn 3 Tanah Grogot,2023-05-30,23767502416.97,Pt. Hiqmah Aldina Prima,22,0.7923557262822363
35,Kalimantan Timur,2023-05-31,Pemerintah Daerah Provinsi Kalimantan Timur,Biaya Perencanaan Teknis (Tidak Sederhana) Renovasi Gedung Pelayanan,Services,1572842805.0,Complete,Biaya Perencanaan Teknis (Tidak Sederhana) Renovasi Gedung Pelayanan,2023-05-31,1320256200.0,Pt. Banyumili Desain Konsultan,35,0.8394075973790655
35,Kalimantan Timur,2023-05-31,Pemerintah Daerah Provinsi Kalimantan Timur,Pekerjaan Perluasan Areal Parkir Ppi Selili,Works,308668000.0,Complete,Pekerjaan Perluasan Areal Parkir Ppi Selili,2023-05-31,261145282.2,Cv.Mitra Multi Jasa,12,0.8460393762877914
35,Kalimantan Timur,2023-05-31,Pemerintah Daerah Provinsi Kalimantan Timur,Rehabilitasi Gedung Baznas Dan Mui Prov. Kaltim,Works,952486000.0,Complete,Rehabilitasi Gedung Baznas Dan Mui Prov. Kaltim,2023-05-31,761988800.0,Cv Dhanan Jaya,21,0.8
35,Kalimantan Timur,2023-05-31,Pemerintah Daerah Provinsi Kalimantan Timur,Pembangunan Kantor Batuah,Works,4219804000.0,Complete,Pembangunan Kantor Batuah,2023-05-31,3247867143.53,Cv. Gading Kencono Emas,29,0.7696725116924863
35,Kalimantan Timur,2023-05-31,Pemerintah Daerah Provinsi Kalimantan Timur,Pembangunan Gereja Bethel Indonesia Jemaat Kasih Kristus Kubar,Works,1780000000.0,Complete,Pembangunan Gereja Bethel Indonesia Jemaat Kasih Kristus Kubar,2023-05-31,1424010565.78,Cv. Kencana Abadi,21,0.8000059358314606
35,Kalimantan Timur,2023-05-31,Pemerintah Daerah Provinsi Kalimantan Timur,Pembangunan Gedung Auditorium,Works,10551276149.2,Complete,Pembangunan Gedung Auditorium,2023-05-31,8117523482.17,Cv. Bilqis Cahaya Abadi,16,0.769340444452823
35,Kalimantan Timur,2023-06-05,Pemerintah Daerah Provinsi Kalimantan Timur,"Rehablitasi Toilet Lantai 3,4 Dan 6 Kantor Gubernur",Works,1409301744.99,Complete,"Rehablitasi Toilet Lantai 3,4 Dan 6 Kantor Gubernur",2023-06-05,1193668033.92,Cv. Putra Samarinda,20,0.846992518219347
35,Kalimantan Timur,2023-06-07,Pemerintah Daerah Provinsi Kalimantan Timur,"Pembangunan Screen House, Display Tanaman Dan Pos Jaga Kebun Batuah",Works,587943000.0,Complete,"Pembangunan Screen House, Display Tanaman Dan Pos Jaga Kebun Batuah",2023-06-07,424621072.75,Cv. Putra Semayang,22,0.7222146921555321
35,Kalimantan Timur,2023-06-07,Pemerintah Daerah Provinsi Kalimantan Timur,Pembangunan Intake Bengkuring Kota Samarinda,Works,3104324179.5,Complete,Pembangunan Intake Bengkuring Kota Samarinda,2023-06-07,2793891566.7,Cv. Tanjung Mandiri,19,0.8999999372327151
35,Kalimantan Timur,2023-06-08,Pemerintah Daerah Provinsi Kalimantan Timur,Pembangunan Pagar Depan Bbi Hortik Dan Pembangunan Pagar Kebun Batuah,Works,951031000.0,Complete,Pembangunan Pagar Depan Bbi Hortik Dan Pembangunan Pagar Kebun Batuah,2023-06-08,700000000.0,Cv. Sembilan Warna,17,0.7360433045820799
35,Kalimantan Timur,2023-06-08,Pemerintah Daerah Provinsi Kalimantan Timur,Pembangunan Screen House (10),Works,1959823000.0,Complete,Pembangunan Screen House (10),2023-06-08,1456609987.5,Cv. Multi Karya Cipta,23,0.7432354796836245
35,Kalimantan Timur,2023-06-08,Pemerintah Daerah Provinsi Kalimantan Timur,Pembangunan Klinik Dan Umkm Center Masjid Agung Sultan Aji Muhammad Sulaiman Tenggarong,Works,6844600000.0,Complete,Pembangunan Klinik Dan Umkm Center Masjid Agung Sultan Aji Muhammad Sulaiman Tenggarong,2023-06-08,5440732522.87,Cv Ar Rahman Persada,29,0.7948941534742717
35,Kalimantan Timur,2023-06-08,Pemerintah Daerah Provinsi Kalimantan Timur,Pekerjaan Rehabilitasi Nursery/Pendederan Udang Vaname Uptd.Spapal Manggar,Works,659900000.0,Complete,Pekerjaan Rehabilitasi Nursery/Pendederan Udang Vaname Uptd.Spapal Manggar,2023-06-08,533512653.3,Cv.Bintang Gemilang Jaya Kontruksi,17,0.8084750012123049
35,Kalimantan Timur,2023-06-08,Pemerintah Daerah Provinsi Kalimantan Timur,Pembangunan Rumah Jaga Petugas Teknis Uptd.Spapal Manggar,Works,579900000.0,Complete,Pembangunan Rumah Jaga Petugas Teknis Uptd.Spapal Manggar,2023-06-08,547594746.0,Cv.Berlian Putih,17,0.9442916813243662
35,Kalimantan Timur,2023-06-08,Pemerintah Daerah Provinsi Kalimantan Timur,Pemeliharaan Mess Karyawan Uptd.Spapal Manggar,Works,285000000.0,Complete,Pemeliharaan Mess Karyawan Uptd.Spapal Manggar,2023-06-08,228000000.0,Cv Afka Rafa,17,0.8
35,Kalimantan Timur,2023-06-09,Pemerintah Daerah Provinsi Kalimantan Timur,Pembangunan Ruang Kelas Baru (Rkb) Slb Negeri Kutai Timur,Works,1123302351.0,Complete,Pembangunan Ruang Kelas Baru (Rkb) Slb Negeri Kutai Timur,2023-06-09,867944964.0,Cv. Sembilan Warna,28,0.7726726141250638
35,Kalimantan Timur,2023-06-09,Pemerintah Daerah Provinsi Kalimantan Timur,"Pembangunan Aula Cabang Dinas Pendidikan Wilayah I,Pembangunan Rumah Dinas Cabang Dinas Pendidikan Wilayah I",Works,5402617000.0,Complete,"Pembangunan Aula Cabang Dinas Pendidikan Wilayah I,Pembangunan Rumah Dinas Cabang Dinas Pendidikan Wilayah I",2023-06-09,4052182732.35,Alif Perdana Muda,23,0.7500407177391993
35,Kalimantan Timur,2023-06-12,Pemerintah Daerah Provinsi Kalimantan Timur,Penanganan Longsoran Spn Kab. Kukar,Works,3016200000.0,Complete,Penanganan Longsoran Spn Kab. Kukar,2023-06-12,2174224913.8,Cv. Putra Samarinda,33,0.7208490530468803
35,Kalimantan Timur,2023-06-12,Pemerintah Daerah Provinsi Kalimantan Timur,Pembangunan Jalan Akses Jembatan Sei. Nibung,Works,38290626300.0,Complete,Pembangunan Jalan Akses Jembatan Sei. Nibung,2023-06-12,26804723603.81,Pt. Asta Millenia Unggul,21,0.7000335641887895
35,Kalimantan Timur,2023-06-13,Pemerintah Daerah Provinsi Kalimantan Timur,Studi Larap Bendung Regulator Dan Jaringan Irigasi D.I Kaliorang,Services,299944200.0,Complete,Studi Larap Bendung Regulator Dan Jaringan Irigasi D.I Kaliorang,2023-06-13,227150400.0,Pt. Wahana Prakarsa Utama Cabang Jatim,36,0.7573088594478573
35,Kalimantan Timur,2023-06-13,Pemerintah Daerah Provinsi Kalimantan Timur,Inventarisasi Daerah Irigasi Rawa Provinsi Kalimantan Timur,Services,603276120.0,Complete,Inventarisasi Daerah Irigasi Rawa Provinsi Kalimantan Timur,2023-06-13,512833320.0,Pt. Inasa Sakha Kirana,41,0.8500805899626858
35,Kalimantan Timur,2023-06-13,Pemerintah Daerah Provinsi Kalimantan Timur,Penyusunan Dan Penetapan Rencana Tata Tanam Global D.I. Biatan Kab. Berau,Services,424411830.0,Complete,Penyusunan Dan Penetapan Rencana Tata Tanam Global D.I. Biatan Kab. Berau,2023-06-13,354076680.0,Pt. Inasa Sakha Kirana,41,0.8342761793421263
35,Kalimantan Timur,2023-06-13,Pemerintah Daerah Provinsi Kalimantan Timur,Pengadaan Pembangunan Jembatan Susur Sarana Ekowisata Kth Ramah Lingkungan Sub Kegiatan Penyiapan Dan Pengembangan Perhutanan Sosial ( Uptd Kphp Delta Mahakam ),Works,359000000.0,Complete,Pengadaan Pembangunan Jembatan Susur Sarana Ekowisata Kth Ramah Lingkungan Sub Kegiatan Penyiapan Dan Pengembangan Perhutanan Sosial ( Uptd Kphp Delta Mahakam ),2023-06-13,277206215.08,Cv Energi Hijau Borneo,15,0.7721621589972144
35,Kalimantan Timur,2023-06-14,Pemerintah Daerah Provinsi Kalimantan Timur,Pemasangan Paving Kantor,Works,842427000.0,Complete,Pemasangan Paving Kantor,2023-06-14,631185170.14,Cv. Semoga Sejahtera,23,0.7492461306914426
35,Kalimantan Timur,2023-06-14,Pemerintah Daerah Provinsi Kalimantan Timur,Pembangunan Ruang Kelas Baru (Rkb) Slb Negeri Bontang,Works,561527265.0,Complete,Pembangunan Ruang Kelas Baru (Rkb) Slb Negeri Bontang,2023-06-14,410226241.38,Cv.Rapido Konstruksi,22,0.7305544484647598
35,Kalimantan Timur,2023-06-14,Pemerintah Daerah Provinsi Kalimantan Timur,Pembangunan Masjid Sman 10 Samarinda,Works,9775969641.3,Complete,Pembangunan Masjid Sman 10 Samarinda,2023-06-14,7625235602.37,Cv. Drafa Jaya,19,0.7799978807376905
35,Kalimantan Timur,2023-06-15,Pemerintah Daerah Provinsi Kalimantan Timur,Pembangunan Asrama & Pembangunan Rumah Karyawan,Works,3495221000.0,Complete,Pembangunan Asrama & Pembangunan Rumah Karyawan,2023-06-15,2654734295.89,Cv.Agwindo Raya,44,0.7595326006252537
35,Kalimantan Timur,2023-06-15,Pemerintah Daerah Provinsi Kalimantan Timur,Pengurukan Tanah Di Kebun Sepaku,Works,3043590000.0,Complete,Pengurukan Tanah Di Kebun Sepaku,2023-06-15,2038704354.84,Cv. Haertec 6265,22,0.6698354097759553
35,Kalimantan Timur,2023-06-15,Pemerintah Daerah Provinsi Kalimantan Timur,Kendaraan Angkutan Benih,Goods,343101000.0,Complete,Kendaraan Angkutan Benih,2023-06-15,327427800.0,Cv. Kana Surya Lestari,24,0.954318990617923
35,Kalimantan Timur,2023-06-15,Pemerintah Daerah Provinsi Kalimantan Timur,Rehabilitasi Gedung Vip Room Bandara Internasional Sultan Aji Muhammad Sulaiman Sepinggan Di Balikpapan,Works,1042353000.0,Complete,Rehabilitasi Gedung Vip Room Bandara Internasional Sultan Aji Muhammad Sulaiman Sepinggan Di Balikpapan,2023-06-15,833869967.83,Fajar Sari,36,0.7999880729752781
35,Kalimantan Timur,2023-06-15,Pemerintah Daerah Provinsi Kalimantan Timur,Rehabilitasi Panti Kewenangan Pemprov Di Samarinda,Works,37664000000.0,Complete,Rehabilitasi Panti Kewenangan Pemprov Di Samarinda,2023-06-15,30131200000.0,Pt. Mahendra Wiranugraha,23,0.8
35,Kalimantan Timur,2023-06-15,Pemerintah Daerah Provinsi Kalimantan Timur,Revitalisasi Penataan Kawasan Taman Makam Pahlawan Kesuma Bangsa,Works,2479619000.0,Complete,Revitalisasi Penataan Kawasan Taman Makam Pahlawan Kesuma Bangsa,2023-06-15,1999000000.0,Tandang Makalangan,27,0.8061722385576171
35,Kalimantan Timur,2023-06-15,Pemerintah Daerah Provinsi Kalimantan Timur,Pembangunan Lanjutan Sman 14 Samarinda,Works,26667552000.0,Complete,Pembangunan Lanjutan Sman 14 Samarinda,2023-06-15,21505500000.0,Pt.Genthas Tri Jaya,15,0.8064294765413789
35,Kalimantan Timur,2023-06-16,Pemerintah Daerah Provinsi Kalimantan Timur,Identifikasi Dan Perencanaan Sarana Dan Prasarana Disabilitas Gedung-Gedung Kewenangan Pemprov Kaltim,Services,433197203.0,Complete,Identifikasi Dan Perencanaan Sarana Dan Prasarana Disabilitas Gedung-Gedung Kewenangan Pemprov Kaltim,2023-06-16,350182800.0,Pt. Widya Aika Berkarya,32,0.8083681001975445
35,Kalimantan Timur,2023-06-16,Pemerintah Daerah Provinsi Kalimantan Timur,Semenisasi Jalan Lingkungan Dan Pembuatan Pagar Pembatas Kantor,Works,5146500445.0,Complete,Semenisasi Jalan Lingkungan Dan Pembuatan Pagar Pembatas Kantor,2023-06-16,3947057290.13,Sabda Mario Marola,25,0.766940046408565
35,Kalimantan Timur,2023-06-16,Pemerintah Daerah Provinsi Kalimantan Timur,Pembangunan Ruang Kelas Baru (Rkb) Slb Negeri Pembina Prov. Kaltim,Works,561615439.0,Complete,Pembangunan Ruang Kelas Baru (Rkb) Slb Negeri Pembina Prov. Kaltim,2023-06-16,410054112.76,Cv. Semoga Sejahtera,24,0.7301332625223645
35,Kalimantan Timur,2023-06-16,Pemerintah Daerah Provinsi Kalimantan Timur,Pembangunan Ruang Kelas Baru (Rkb) Slb Negeri Tanah Grogot,Works,841460411.0,Complete,Pembangunan Ruang Kelas Baru (Rkb) Slb Negeri Tanah Grogot,2023-06-16,643854189.71,Cv. Shanza Pujaka,24,0.7651627828156969
35,Kalimantan Timur,2023-06-16,Pemerintah Daerah Provinsi Kalimantan Timur,Pengawasan (Supervisi) Rehab Gedung Dinas Pupr Pera Prov. Kaltim,Services,820797000.0,Complete,Pengawasan (Supervisi) Rehab Gedung Dinas Pupr Pera Prov. Kaltim,2023-06-16,701318535.0,Cv. Risma Nugraha,37,0.8544360359504238
35,Kalimantan Timur,2023-06-16,Pemerintah Daerah Provinsi Kalimantan Timur,Belanja Modal Pembangunan Jembatan Pada Uptd Kphl Balikpapan Tahun Anggaran 2023 (Dbh Sda Dr),Works,353958000.0,Complete,Belanja Modal Pembangunan Jembatan Pada Uptd Kphl Balikpapan Tahun Anggaran 2023 (Dbh Sda Dr),2023-06-16,287328900.0,Cv. Bangun Teknik Utama,21,0.8117598698150628
35,Kalimantan Timur,2023-06-16,Pemerintah Daerah Provinsi Kalimantan Timur,Pembangunan Graha Pmii Kota Samarinda,Works,4535754000.0,Complete,Pembangunan Graha Pmii Kota Samarinda,2023-06-16,3535535535.39,"Artha Riatama Jaya, Pt",21,0.7794813244699779
35,Kalimantan Timur,2023-06-20,Pemerintah Daerah Provinsi Kalimantan Timur,Study Penyusunan Rencana Induk Perkeretaapian Kalimantan Timur,Services,1044163000.0,Complete,Study Penyusunan Rencana Induk Perkeretaapian Kalimantan Timur,2023-06-20,960982500.0,Pt. Atlas International Indah,40,0.9203376292781874
35,Kalimantan Timur,2023-06-20,Pemerintah Daerah Provinsi Kalimantan Timur,Belanja Jasa Konsultansi Lainnya-Jasa Konsultansi Lingkungan - Penyusunan Dokumen Upaya Pengelolaan Lingkungan & Upaya Pemantauan Lingkungan,Services,249952000.0,Complete,Belanja Jasa Konsultansi Lainnya-Jasa Konsultansi Lingkungan - Penyusunan Dokumen Upaya Pengelolaan Lingkungan & Upaya Pemantauan Lingkungan,2023-06-20,224886000.0,Pt. Widya Aika Berkarya,32,0.8997167456151581
35,Kalimantan Timur,2023-06-20,Pemerintah Daerah Provinsi Kalimantan Timur,Studi Kelayakan (Feasibility Study) Terminal Tipe B Di Kabupaten Penajam Paser Utara,Services,622321500.0,Complete,Studi Kelayakan (Feasibility Study) Terminal Tipe B Di Kabupaten Penajam Paser Utara,2023-06-20,501545830.0,Pt. Andalan Mitra Nusantara,40,0.8059272096496747
35,Kalimantan Timur,2023-06-20,Pemerintah Daerah Provinsi Kalimantan Timur,Review Design Pengaman Pantai Talisayan Dan Dumaring,Services,609653070.0,Complete,Review Design Pengaman Pantai Talisayan Dan Dumaring,2023-06-20,502432620.0,Cv. Amertha Nirwana,43,0.824128745878373
35,Kalimantan Timur,2023-06-20,Pemerintah Daerah Provinsi Kalimantan Timur,Review Inventarisasi Pantai Kritis Provinsi Kalimantan Timur,Services,609514320.0,Complete,Review Inventarisasi Pantai Kritis Provinsi Kalimantan Timur,2023-06-20,560106000.0,Pt. Super Tehnik Pratama,43,0.9189382129693032
35,Kalimantan Timur,2023-06-20,Pemerintah Daerah Provinsi Kalimantan Timur,Pengadaan Gedung Kantor (Mmb),Works,888732000.0,Complete,Pengadaan Gedung Kantor (Mmb),2023-06-20,710985600.0,Cv. Amra Mandiri,20,0.8
35,Kalimantan Timur,2023-06-20,Pemerintah Daerah Provinsi Kalimantan Timur,Rehab Masjid Agung Baitul Hikmah Berau,Works,1690567000.0,Complete,Rehab Masjid Agung Baitul Hikmah Berau,2023-06-20,1352453600.0,Mitra Jaya Kontraktor,41,0.8
35,Kalimantan Timur,2023-06-21,Pemerintah Daerah Provinsi Kalimantan Timur,Perencanaan Fender Jembatan Dondang,Services,1211597190.0,Complete,Perencanaan Fender Jembatan Dondang,2023-06-21,1152672618.0,Pt. Puri Dimensi,56,0.9513662028219132
35,Kalimantan Timur,2023-06-21,Pemerintah Daerah Provinsi Kalimantan Timur,Rehabilitasi Jaringan Irigasi Di. Biatan Kab. Berau,Works,5001288950.31,Complete,Rehabilitasi Jaringan Irigasi Di. Biatan Kab. Berau,2023-06-21,3833700819.07,Cv. Benua Karya,16,0.766542556760767
35,Kalimantan Timur,2023-06-21,Pemerintah Daerah Provinsi Kalimantan Timur,Pengawasan Rehabilitasi Terminal Sangatta,Services,246950000.0,Complete,Pengawasan Rehabilitasi Terminal Sangatta,2023-06-21,229437000.0,Pt. Inovasi Nusaniwe Konsultan,41,0.9290828102854828
35,Kalimantan Timur,2023-06-21,Pemerintah Daerah Provinsi Kalimantan Timur,Penyusunan Masterplan Ppi Api-Api,Services,507650000.0,Complete,Penyusunan Masterplan Ppi Api-Api,2023-06-21,423798000.0,Pt Mitra Tri Sakti,33,0.83482320496405
35,Kalimantan Timur,2023-06-21,Pemerintah Daerah Provinsi Kalimantan Timur,Peningkatan Kualitas Kawasan Kumuh Perkotaan Kel. Sambaliung Ii Kab. Berau,Works,1199803209.58,Complete,Peningkatan Kualitas Kawasan Kumuh Perkotaan Kel. Sambaliung Ii Kab. Berau,2023-06-21,959842568.0,Berkah Primandha Abadi,15,0.800000000280046
35,Kalimantan Timur,2023-06-21,Pemerintah Daerah Provinsi Kalimantan Timur,Jalan Produksi Kebun Batuah,Works,284821000.0,Complete,Jalan Produksi Kebun Batuah,2023-06-21,217047291.0,Cv. Andes Persada,12,0.7620480617651086
35,Kalimantan Timur,2023-06-22,Pemerintah Daerah Provinsi Kalimantan Timur,Jasa Konsultansi Pengawasan Pekerjaan Pembangunan Dermaga Ppi Tanjung Limau Bontang (Dak),Services,336749000.0,Complete,Jasa Konsultansi Pengawasan Pekerjaan Pembangunan Dermaga Ppi Tanjung Limau Bontang (Dak),2023-06-22,327092580.0,Cv Rizky Utama Tehnik,36,0.9713245770588776
35,Kalimantan Timur,2023-06-22,Pemerintah Daerah Provinsi Kalimantan Timur,Pekerjaan Pembangunan Dermaga Ppi Tanjung Limau Bontang (Dak),Works,7410000000.0,Complete,Pekerjaan Pembangunan Dermaga Ppi Tanjung Limau Bontang (Dak),2023-06-22,6999999999.0,Cv. Multi Karya Cipta,15,0.9446693655870444
35,Kalimantan Timur,2023-06-23,Pemerintah Daerah Provinsi Kalimantan Timur,Sid Bendung Sungai Bontang,Services,749989260.0,Complete,Sid Bendung Sungai Bontang,2023-06-23,637999140.0,Cv. Patoya Indah,46,0.8506777017046884
35,Kalimantan Timur,2023-06-23,Pemerintah Daerah Provinsi Kalimantan Timur,Review Sid Pantai Manggar Kota Balikpapan,Services,424436250.0,Complete,Review Sid Pantai Manggar Kota Balikpapan,2023-06-23,359912624.88,Cv. Intishar Karya,46,0.8479780529584832
35,Kalimantan Timur,2023-06-23,Pemerintah Daerah Provinsi Kalimantan Timur,Kajian Kebijakan Dan Strategi Pengembangan Kawasan Koridor Samarinda - Bontang,Services,684227000.0,Complete,Kajian Kebijakan Dan Strategi Pengembangan Kawasan Koridor Samarinda - Bontang,2023-06-23,507159000.0,Pt. Alocita Mandiri,32,0.7412145384499589
35,Kalimantan Timur,2023-06-23,Pemerintah Daerah Provinsi Kalimantan Timur,Belanja Jasa Konsultan Perencanaan Teknis Pembangunan Kantor (Uptd Kphp Santan),Services,278179320.0,Complete,Belanja Jasa Konsultan Perencanaan Teknis Pembangunan Kantor (Uptd Kphp Santan),2023-06-23,252704820.0,Pt. Wahana Multi Desain,37,0.9084241776132028
35,Kalimantan Timur,2023-06-26,Pemerintah Daerah Provinsi Kalimantan Timur,Studi Potensi Air Baku Kota Bontang,Services,653338230.0,Complete,Studi Potensi Air Baku Kota Bontang,2023-06-26,579786300.0,Pt. Widya Aika Berkarya,49,0.8874213590715486
35,Kalimantan Timur,2023-06-26,Pemerintah Daerah Provinsi Kalimantan Timur,Sid Sungai Bontang,Services,695542650.0,Complete,Sid Sungai Bontang,2023-06-26,592973100.0,Cv. Patoya Indah,49,0.8525330545869473
35,Kalimantan Timur,2023-06-26,Pemerintah Daerah Provinsi Kalimantan Timur,Review Ded Kolam Depresi Kanaan Bontang,Services,519027675.0,Complete,Review Ded Kolam Depresi Kanaan Bontang,2023-06-26,466621800.0,Cv. Patoya Indah,49,0.8990306730753808
35,Kalimantan Timur,2023-06-27,Pemerintah Daerah Provinsi Kalimantan Timur,",Pengadaan Modal Pagar (Uptd Kphp Batu Ayau)",Works,469849747.71,Complete,",Pengadaan Modal Pagar (Uptd Kphp Batu Ayau)",2023-06-27,401804271.3,Cv. Nur Aini,14,0.85517609248138
35,Kalimantan Timur,2023-06-27,Pemerintah Daerah Provinsi Kalimantan Timur,Pengawasan Teknis Rehabilitasi Amkt Pesut Solo,Services,193140000.0,Complete,Pengawasan Teknis Rehabilitasi Amkt Pesut Solo,2023-06-27,175924455.0,Pt. Van Techno Saa,28,0.9108649425287356
35,Kalimantan Timur,2023-06-27,Pemerintah Daerah Provinsi Kalimantan Timur,Belanja Modal Pembangunan Gedung Kantor Pada Uptd Kphl Balikpapan Tahun Anggaran 2023 (Dbh Sda Dr),Works,2356363000.0,Complete,Belanja Modal Pembangunan Gedung Kantor Pada Uptd Kphl Balikpapan Tahun Anggaran 2023 (Dbh Sda Dr),2023-06-27,1607172783.46,Cv. Sinar Telen,32,0.682056535202768
35,Kalimantan Timur,2023-06-29,Pemerintah Daerah Provinsi Kalimantan Timur,Penilaian Perwujudan Rencana Tata Ruang Di Kabupaten Berau,Services,653654000.0,Complete,Penilaian Perwujudan Rencana Tata Ruang Di Kabupaten Berau,2023-06-29,544316250.0,Pt. Metaforma Consultans,34,0.8327284006523329
35,Kalimantan Timur,2023-06-30,Pemerintah Daerah Provinsi Kalimantan Timur,Master Plan Rencana Induk Jaringan Lintas Angkutan Barang Kalimantan Timur,Services,351564000.0,Complete,Master Plan Rencana Induk Jaringan Lintas Angkutan Barang Kalimantan Timur,2023-06-30,284874285.0,Pt. Andalan Mitra Nusantara,44,0.8103056200293546
35,Kalimantan Timur,2023-07-03,Pemerintah Daerah Provinsi Kalimantan Timur,Semenisasi Jalan,Works,3740365000.0,Complete,Semenisasi Jalan,2023-07-03,2882120666.7,Cv. Wadah Etam Mandiri,40,0.7705452988411559
35,Kalimantan Timur,2023-07-03,Pemerintah Daerah Provinsi Kalimantan Timur,Pagar Keliling Kebun Bbi,Works,8174410000.0,Complete,Pagar Keliling Kebun Bbi,2023-07-03,6152159992.8,Cv. Mitra Tiga Bersaudara,40,0.7526121142443308
35,Kalimantan Timur,2023-07-03,Pemerintah Daerah Provinsi Kalimantan Timur,Pembangunan Gereja Pantekosta Di Indonesia Sekolaq Darat Kubar,Works,1780000000.0,Complete,Pembangunan Gereja Pantekosta Di Indonesia Sekolaq Darat Kubar,2023-07-03,1424000000.0,Cv. Sawai Munan Naan,28,0.8
35,Kalimantan Timur,2023-07-03,Pemerintah Daerah Provinsi Kalimantan Timur,Perencanaan Pembangunan Ruang Kelas Baru (Rkb) Sman 10 Samarinda,Services,1211561670.0,Complete,Perencanaan Pembangunan Ruang Kelas Baru (Rkb) Sman 10 Samarinda,2023-07-03,1078143000.0,Pt. Gunung Giri Engineering Consultant,35,0.889878762836728
35,Kalimantan Timur,2023-07-03,Pemerintah Daerah Provinsi Kalimantan Timur,Kajian Pemanfaatan Ruang Untuk Pusat Pertumbuhan Baru Di Penyangga Ikn,Services,630510900.0,Complete,Kajian Pemanfaatan Ruang Untuk Pusat Pertumbuhan Baru Di Penyangga Ikn,2023-07-03,535935750.0,Cv. Geosylva Lestari,38,0.8500023552328755
35,Kalimantan Timur,2023-07-04,Pemerintah Daerah Provinsi Kalimantan Timur,Pengawasan Pekerjaan Fisik Rehabilitasi Amkt Putri Mulawarman Ii Makassar,Services,322566000.0,Complete,Pengawasan Pekerjaan Fisik Rehabilitasi Amkt Putri Mulawarman Ii Makassar,2023-07-04,276842880.0,Pt. Inovasi Konsulindo Raya,35,0.8582518926359257
35,Kalimantan Timur,2023-07-04,Pemerintah Daerah Provinsi Kalimantan Timur,Pekerjaan Fisik Rehabilitasi Amkt Putri Mulawarman Ii Makassar,Works,2551141226.68,Complete,Pekerjaan Fisik Rehabilitasi Amkt Putri Mulawarman Ii Makassar,2023-07-04,2040912981.6,Cv. Bangun Bumitama,22,0.8000000001003472
35,Kalimantan Timur,2023-07-04,Pemerintah Daerah Provinsi Kalimantan Timur,Pekerjaan Pembangunan Gedung Tpi Di Ppi Tanjung Limau Bontang (Dak),Works,2850250000.0,Complete,Pekerjaan Pembangunan Gedung Tpi Di Ppi Tanjung Limau Bontang (Dak),2023-07-04,2280200000.0,Cv. Abe Karya,18,0.8
35,Kalimantan Timur,2023-07-05,Pemerintah Daerah Provinsi Kalimantan Timur,Pembanguan Ruang Kelas Baru (Rkb) Sma Negeri 1 Damai,Works,466133841.87,Complete,Pembanguan Ruang Kelas Baru (Rkb) Sma Negeri 1 Damai,2023-07-05,391200800.67,Cv. Pelita Purnama Indah,19,0.8392456533527165
35,Kalimantan Timur,2023-07-05,Pemerintah Daerah Provinsi Kalimantan Timur,Pembanguan Ruang Kelas Baru (Rkb) Sma Negeri 1 Muara Pahu,Works,470345359.08,Complete,Pembanguan Ruang Kelas Baru (Rkb) Sma Negeri 1 Muara Pahu,2023-07-05,400383709.67,Cv. Samudra Resources,19,0.8512547257894802
35,Kalimantan Timur,2023-07-05,Pemerintah Daerah Provinsi Kalimantan Timur,Pembanguan Ruang Kelas Baru (Rkb) Sma Negeri 2 Muara Muntai,Works,469945440.97,Complete,Pembanguan Ruang Kelas Baru (Rkb) Sma Negeri 2 Muara Muntai,2023-07-05,400909316.53,Cv. Samudra Resources,19,0.853097575970724
35,Kalimantan Timur,2023-07-05,Pemerintah Daerah Provinsi Kalimantan Timur,Pembanguan Ruang Kelas Baru (Rkb) Sma Negeri 3 Muara Muntai,Works,456799275.39,Complete,Pembanguan Ruang Kelas Baru (Rkb) Sma Negeri 3 Muara Muntai,2023-07-05,400634443.41,Cv. Samudra Resources,19,0.8770470204182169
35,Kalimantan Timur,2023-07-05,Pemerintah Daerah Provinsi Kalimantan Timur,Pembangunan Uks Dan Toilet Siswa Sman 5 Balikpapan,Works,349367275.46,Complete,Pembangunan Uks Dan Toilet Siswa Sman 5 Balikpapan,2023-07-05,279493820.37,Cv. Gading Kencono Emas,19,0.8000000000057247
35,Kalimantan Timur,2023-07-05,Pemerintah Daerah Provinsi Kalimantan Timur,Pembangunan Sumur Dalam Muara Badak Kab. Kutai Kartanegara,Works,3499991660.4,Complete,Pembangunan Sumur Dalam Muara Badak Kab. Kutai Kartanegara,2023-07-05,2751338267.64,Pt. Erich Balikpapan Drillindo,14,0.7860985209677787
35,Kalimantan Timur,2023-07-05,Pemerintah Daerah Provinsi Kalimantan Timur,Pembangunan Sumur Dalam Kota Bontang,Works,3492421016.4,Complete,Pembangunan Sumur Dalam Kota Bontang,2023-07-05,2759807567.64,Pt. Erich Balikpapan Drillindo,14,0.7902276256729263
35,Kalimantan Timur,2023-07-05,Pemerintah Daerah Provinsi Kalimantan Timur,Pembangunan Sumur Dalam (Deep Well) Jalan Atletik Kec. Bontang Utara Kota Bontang,Works,3492421016.4,Complete,Pembangunan Sumur Dalam (Deep Well) Jalan Atletik Kec. Bontang Utara Kota Bontang,2023-07-05,2759807567.64,Pt. Erich Balikpapan Drillindo,14,0.7902276256729263
35,Kalimantan Timur,2023-07-05,Pemerintah Daerah Provinsi Kalimantan Timur,Pembuatan Green House Dan Pembuatan Rumah Pengolahan Pupuk Organik,Works,1143087822.0,Complete,Pembuatan Green House Dan Pembuatan Rumah Pengolahan Pupuk Organik,2023-07-05,940063520.13,Dwi Jaya,14,0.822389585504656
35,Kalimantan Timur,2023-07-06,Pemerintah Daerah Provinsi Kalimantan Timur,Pekerjaan Fisik Rehabilitasi Amkt Kudungga Bandung,Works,646732735.06,Complete,Pekerjaan Fisik Rehabilitasi Amkt Kudungga Bandung,2023-07-06,600854421.9,Cv. Arshaka Karya Gemilang,16,0.9290614025347832
35,Kalimantan Timur,2023-07-06,Pemerintah Daerah Provinsi Kalimantan Timur,Rehabilitasi Kantor Dekranasda Prov. Kaltim Dan Outlet Produk Unggulan Ukm Di Jl. Basuki Rahmad,Works,2695168756.83,Complete,Rehabilitasi Kantor Dekranasda Prov. Kaltim Dan Outlet Produk Unggulan Ukm Di Jl. Basuki Rahmad,2023-07-06,2156135005.46,Cv. Abe Karya,20,0.7999999999985159
35,Kalimantan Timur,2023-07-06,Pemerintah Daerah Provinsi Kalimantan Timur,Pembanguan Ruang Kelas Baru (Rkb) Sma Negeri 1 Kaubun,Works,470095882.44,Complete,Pembanguan Ruang Kelas Baru (Rkb) Sma Negeri 1 Kaubun,2023-07-06,408044395.07,Cv.Putriaqila,20,0.8680024869651568
35,Kalimantan Timur,2023-07-06,Pemerintah Daerah Provinsi Kalimantan Timur,Pembanguan Ruang Kelas Baru (Rkb) Sma Negeri 1 Muara Lawa,Works,470304645.05,Complete,Pembanguan Ruang Kelas Baru (Rkb) Sma Negeri 1 Muara Lawa,2023-07-06,429000000.0,Cv. Multi Graha Putra,20,0.9121747031743462
35,Kalimantan Timur,2023-07-06,Pemerintah Daerah Provinsi Kalimantan Timur,Pembanguan Ruang Kelas Baru (Rkb) Sma Negeri 3 Ppu,Works,469559212.98,Complete,Pembanguan Ruang Kelas Baru (Rkb) Sma Negeri 3 Ppu,2023-07-06,378283010.02,Pt. Althaf Energi Persada,20,0.8056130080363523
35,Kalimantan Timur,2023-07-06,Pemerintah Daerah Provinsi Kalimantan Timur,Pekerjaan Cut And Fill,Works,934893400.0,Complete,Pekerjaan Cut And Fill,2023-07-06,700045661.12,Cv Anugrah Karya,17,0.7487973079283692
35,Kalimantan Timur,2023-07-06,Pemerintah Daerah Provinsi Kalimantan Timur,Pembangunan Pengamanan Pantai Sandaran Kab. Kutai Timur,Works,5002167237.81,Complete,Pembangunan Pengamanan Pantai Sandaran Kab. Kutai Timur,2023-07-06,4001733790.25,Cv. Buana Umar,20,0.8000000000003997
35,Kalimantan Timur,2023-07-06,Pemerintah Daerah Provinsi Kalimantan Timur,Pembangunan Pengaman Pantai Kampung Biduk-Biduk,Works,10004341166.7,Complete,Pembangunan Pengaman Pantai Kampung Biduk-Biduk,2023-07-06,8003472933.36,Zayn,20,0.7999999999999999
35,Kalimantan Timur,2023-07-06,Pemerintah Daerah Provinsi Kalimantan Timur,Pemeliharaan Gedung Dan Bangunan,Works,1277316219.69,Complete,Pemeliharaan Gedung Dan Bangunan,2023-07-06,945212000.0,Cv. Mahendra Abadi Jaya,20,0.7399984322045167
35,Kalimantan Timur,2023-07-07,Pemerintah Daerah Provinsi Kalimantan Timur,Pembangunan Turap / Talud / Bronjong Ruas Jalan Samarinda Seberang - Sanga-Sanga,Works,4847671743.0,Complete,Pembangunan Turap / Talud / Bronjong Ruas Jalan Samarinda Seberang - Sanga-Sanga,2023-07-07,3521000000.0,Cv. Haertec 6265,16,0.7263280573987495
35,Kalimantan Timur,2023-07-07,Pemerintah Daerah Provinsi Kalimantan Timur,Pekerjaan Fisik Rehabilitasi Amkt Pesut Solo,Works,1355240580.04,Complete,Pekerjaan Fisik Rehabilitasi Amkt Pesut Solo,2023-07-07,1051342438.82,Cv Family Borneo Nusantara,17,0.7757607426343223
35,Kalimantan Timur,2023-07-07,Pemerintah Daerah Provinsi Kalimantan Timur,Pembangunan Ruang Kelas Smkn 1 Kembang Janggut,Works,1800544469.96,Complete,Pembangunan Ruang Kelas Smkn 1 Kembang Janggut,2023-07-07,1368687539.35,Cv. Mahendra Abadi Jaya,25,0.7601520330016653
35,Kalimantan Timur,2023-07-07,Pemerintah Daerah Provinsi Kalimantan Timur,Pembangunan Ruang Kelas Smkn 1 Kota Bangun,Works,1801797779.04,Complete,Pembangunan Ruang Kelas Smkn 1 Kota Bangun,2023-07-07,1374772007.28,Cv. Krisna Utama Perkasa,25,0.7630001675396004
35,Kalimantan Timur,2023-07-07,Pemerintah Daerah Provinsi Kalimantan Timur,Pembanguan Ruang Kelas Baru (Rkb) Sma Negeri 1 Bengalon,Works,470354437.32,Complete,Pembanguan Ruang Kelas Baru (Rkb) Sma Negeri 1 Bengalon,2023-07-07,376289279.92,Anindyah Hutama,21,0.8000121824384876
35,Kalimantan Timur,2023-07-07,Pemerintah Daerah Provinsi Kalimantan Timur,Pembanguan Ruang Kelas Baru (Rkb) Sma Negeri 15 Berau,Works,469597357.22,Complete,Pembanguan Ruang Kelas Baru (Rkb) Sma Negeri 15 Berau,2023-07-07,375677885.78,Cv. Taufik Karya Mandiri,21,0.8000000000085178
35,Kalimantan Timur,2023-07-07,Pemerintah Daerah Provinsi Kalimantan Timur,Pembangunan Pengaman Pantai Kampung Harapan Dan Kampung Tanjung Prepat,Works,7518413744.76,Complete,Pembangunan Pengaman Pantai Kampung Harapan Dan Kampung Tanjung Prepat,2023-07-07,6014730995.81,Zayn,21,0.800000000000266
35,Kalimantan Timur,2023-07-10,Pemerintah Daerah Provinsi Kalimantan Timur,Penyusunan Peluang Investasi Hilirisasi Karet Dan Produk Turunannya,Services,294380880.0,Complete,Penyusunan Peluang Investasi Hilirisasi Karet Dan Produk Turunannya,2023-07-10,258186000.0,Andeskaraya Berdikari Inc,32,0.8770474495490332
35,Kalimantan Timur,2023-07-11,Pemerintah Daerah Provinsi Kalimantan Timur,Pembangunan Ruang Kelas Smkn 18 Samarinda,Works,1802685609.37,Complete,Pembangunan Ruang Kelas Smkn 18 Samarinda,2023-07-11,1352000000.0,Cv.Rapido Konstruksi,29,0.749992118965489
35,Kalimantan Timur,2023-07-12,Pemerintah Daerah Provinsi Kalimantan Timur,Pembangunan Turap / Talud / Bronjong Ruas Jalan Simp. Lembuswana - Sebulu 2,Works,6975340000.0,Complete,Pembangunan Turap / Talud / Bronjong Ruas Jalan Simp. Lembuswana - Sebulu 2,2023-07-12,5579901098.74,Cv. Ananda Putra,21,0.7999468267840707
35,Kalimantan Timur,2023-07-12,Pemerintah Daerah Provinsi Kalimantan Timur,Ded Bendung Sungai Buluh Kab. Kutai Kartanegara,Services,736238000.0,Complete,Ded Bendung Sungai Buluh Kab. Kutai Kartanegara,2023-07-12,656620500.0,Pt. Widya Aika Berkarya,34,0.8918590184152407
35,Kalimantan Timur,2023-07-12,Pemerintah Daerah Provinsi Kalimantan Timur,Rencana Pengelolaan Sumber Daya Air Wilayah Sungai Karangan,Services,998158620.0,Complete,Rencana Pengelolaan Sumber Daya Air Wilayah Sungai Karangan,2023-07-12,823132710.0,Cv. Intishar Karya,34,0.8246512062381428
35,Kalimantan Timur,2023-07-12,Pemerintah Daerah Provinsi Kalimantan Timur,Amdal Daerah Irigasi Marangkayu Kab. Kutai Kartanegara,Services,519080000.0,Complete,Amdal Daerah Irigasi Marangkayu Kab. Kutai Kartanegara,2023-07-12,476545200.0,Pt. Widya Aika Berkarya,34,0.9180573322031286
35,Kalimantan Timur,2023-07-12,Pemerintah Daerah Provinsi Kalimantan Timur,Peningkatan Kualitas Kawasan Kumuh Perkotaan Kel. Sambaliung I Kab. Berau,Works,3999652600.55,Complete,Peningkatan Kualitas Kawasan Kumuh Perkotaan Kel. Sambaliung I Kab. Berau,2023-07-12,3199722080.8,Cv. Indah Pramana Sakti,29,0.8000000000900078
35,Kalimantan Timur,2023-07-12,Pemerintah Daerah Provinsi Kalimantan Timur,Peningkatan Kualitas Kawasan Kumuh Perkotaan Kel. Teluk Bayur Kabupaten Berau,Works,3999649643.09,Complete,Peningkatan Kualitas Kawasan Kumuh Perkotaan Kel. Teluk Bayur Kabupaten Berau,2023-07-12,3199719714.4,Cv. Mulia Feli Konstruksi,29,0.7999999999819984
35,Kalimantan Timur,2023-07-12,Pemerintah Daerah Provinsi Kalimantan Timur,Peningkatan Kualitas Kawasan Kumuh Perkotaan Sungai Kapih Kota Samarinda,Works,1999817642.94,Complete,Peningkatan Kualitas Kawasan Kumuh Perkotaan Sungai Kapih Kota Samarinda,2023-07-12,1539000000.0,Cv. Chyntha Febiana,29,0.7695701682766753
35,Kalimantan Timur,2023-07-12,Pemerintah Daerah Provinsi Kalimantan Timur,Rehab Gedung Dinas Pupr Pera Prov. Kaltim,Works,17613060000.0,Complete,Rehab Gedung Dinas Pupr Pera Prov. Kaltim,2023-07-12,16999900000.0,Pt. En Handayani Group,19,0.965187196319095
35,Kalimantan Timur,2023-07-12,Pemerintah Daerah Provinsi Kalimantan Timur,Study Kinerja Lalu Lintas Jalan Provinsi Di Prov. Kaltim,Services,241616919.0,Complete,Study Kinerja Lalu Lintas Jalan Provinsi Di Prov. Kaltim,2023-07-12,218678880.0,Pt. Andalan Mitra Nusantara,34,0.9050644338362746
35,Kalimantan Timur,2023-07-14,Pemerintah Daerah Provinsi Kalimantan Timur,Pembangunan Lanjutan Gedung Galeri Umkm Provinsi Kalimantan Timur,Works,26171204000.0,Complete,Pembangunan Lanjutan Gedung Galeri Umkm Provinsi Kalimantan Timur,2023-07-14,23159165286.75,Pt. Qirelis Mandiri Jaya,21,0.8849101969764173
35,Kalimantan Timur,2023-07-17,Pemerintah Daerah Provinsi Kalimantan Timur,Pembangunan Ruang Kelas Smkn 9 Samarinda,Works,1802808687.07,Complete,Pembangunan Ruang Kelas Smkn 9 Samarinda,2023-07-17,1388000000.0,Cv. Fadlan Prima,35,0.769909758009784
35,Kalimantan Timur,2023-07-18,Pemerintah Daerah Provinsi Kalimantan Timur,Pembanguan Ruang Kelas Baru (Rkb) Sma Negeri 2 Muara Kaman,Works,470327645.51,Complete,Pembanguan Ruang Kelas Baru (Rkb) Sma Negeri 2 Muara Kaman,2023-07-18,375761760.11,Cv Ar Rahman Persada,32,0.7989361537583923
35,Kalimantan Timur,2023-07-20,Pemerintah Daerah Provinsi Kalimantan Timur,Pembangunan Sumur Dalam Dan Instalasi Pengolahan Air Di Balai Benih Induk Hortikultura (Km 40 Samarinda - Balikpapan),Works,3001741678.02,Complete,Pembangunan Sumur Dalam Dan Instalasi Pengolahan Air Di Balai Benih Induk Hortikultura (Km 40 Samarinda - Balikpapan),2023-07-20,2519616490.26,Cv.Geokarya,13,0.8393848507050687
35,Kalimantan Timur,2023-07-21,Pemerintah Daerah Provinsi Kalimantan Timur,Perluasan Areal Kelapa Sawit 200 Ha,Goods,491619000.0,Complete,Perluasan Areal Kelapa Sawit 200 Ha,2023-07-21,464812500.0,Cv Sumber Lumintoe,11,0.945473018740122
35,Kalimantan Timur,2023-07-21,Pemerintah Daerah Provinsi Kalimantan Timur,Jasa Konsultansi Andalalin Pembangunan Galeri Umkm Provinsi Kalimantan Timur,Services,292041000.0,Complete,Jasa Konsultansi Andalalin Pembangunan Galeri Umkm Provinsi Kalimantan Timur,2023-07-21,256299000.0,Cv. Multi Lisensi,31,0.8776130748764728
35,Kalimantan Timur,2023-07-21,Pemerintah Daerah Provinsi Kalimantan Timur,Pembangunan Ruang Kelas Smkn 14 Samarinda,Works,1802931920.61,Complete,Pembangunan Ruang Kelas Smkn 14 Samarinda,2023-07-21,1375634433.87,Cv. Krisna Utama Perkasa,39,0.7629985459487405
35,Kalimantan Timur,2023-07-21,Pemerintah Daerah Provinsi Kalimantan Timur,Pembanguan Ruang Kelas Baru (Rkb) Sma Negeri 1 Long Hubung,Works,855778548.93,Complete,Pembanguan Ruang Kelas Baru (Rkb) Sma Negeri 1 Long Hubung,2023-07-21,800000000.0,Cv.Kassa Utama Mandiri,28,0.9348212817442768
35,Kalimantan Timur,2023-07-21,Pemerintah Daerah Provinsi Kalimantan Timur,Pembanguan Ruang Kelas Baru (Rkb) Sma Negeri 1 Ppu,Works,853854264.36,Complete,Pembanguan Ruang Kelas Baru (Rkb) Sma Negeri 1 Ppu,2023-07-21,683083411.49,Cv. Bangun Teknik Utama,28,0.8000000000023423
35,Kalimantan Timur,2023-07-21,Pemerintah Daerah Provinsi Kalimantan Timur,Pembangunan Lapangan Serbaguna Sma Negeri 1 Sangatta Selatan,Works,829573460.11,Complete,Pembangunan Lapangan Serbaguna Sma Negeri 1 Sangatta Selatan,2023-07-21,663743758.5,Cv. Mahakam Citra Nusantara,28,0.8001024507365372
35,Kalimantan Timur,2023-07-26,Pemerintah Daerah Provinsi Kalimantan Timur,Pembangunan Homestay Dan Kedai Kuliner Di Danau Jempang,Works,2309423194.0,Complete,Pembangunan Homestay Dan Kedai Kuliner Di Danau Jempang,2023-07-26,1892484000.0,Cv. Profesional Technik,14,0.8194617621043949
35,Kalimantan Timur,2023-07-26,Pemerintah Daerah Provinsi Kalimantan Timur,Belanja Modal Pembuatan Ruang Inap Pegawai Di Gedung Mess Badan Penghubung Prov. Kaltim Jl. Kramat Ii No.34 Jakarta,Works,444900951.0,Complete,Belanja Modal Pembuatan Ruang Inap Pegawai Di Gedung Mess Badan Penghubung Prov. Kaltim Jl. Kramat Ii No.34 Jakarta,2023-07-26,400000000.0,Cv. Bangun Teknik Utama,15,0.8990765227651761
35,Kalimantan Timur,2023-07-26,Pemerintah Daerah Provinsi Kalimantan Timur,Optimalisasi Ipa Maloy Kapasitas 200 Lt/Dtk,Works,2792269000.0,Complete,Optimalisasi Ipa Maloy Kapasitas 200 Lt/Dtk,2023-07-26,2777363800.16,Cv. Fikri Pratama,16,0.9946619756764122
35,Kalimantan Timur,2023-07-26,Pemerintah Daerah Provinsi Kalimantan Timur,Pekerjaan Rehab Kantor Sekretariat Dharma Wanita Prov. Kaltim,Works,485383794.83,Complete,Pekerjaan Rehab Kantor Sekretariat Dharma Wanita Prov. Kaltim,2023-07-26,388307035.86,Cv. Altomindo Haru Karya,16,0.7999999999917592
35,Kalimantan Timur,2023-07-27,Pemerintah Daerah Provinsi Kalimantan Timur,Intensifikasi Kelapa Sawit 200 Ha,Goods,491619000.0,Complete,Intensifikasi Kelapa Sawit 200 Ha,2023-07-27,472582500.0,Cv Sumber Lumintoe,15,0.9612779408444344
35,Kalimantan Timur,2023-07-27,Pemerintah Daerah Provinsi Kalimantan Timur,Intensifikasi Karet 200 Ha,Goods,491619000.0,Complete,Intensifikasi Karet 200 Ha,2023-07-27,476800500.0,Cv Sumber Lumintoe,15,0.9698577557010613
35,Kalimantan Timur,2023-07-27,Pemerintah Daerah Provinsi Kalimantan Timur,"Pengawasan Rehab Keramik/Granit Kantor , Toilet, Ruang Rapat Utama, Kenopi Teras Belakang Kantor, Parkir Motor Dan Mobil, Kantin, Lapangan Tenis, Pemasangan Paving Block Halaman Depan Dan Belakang Kantor, Pos Satpam",Services,162121000.0,Complete,"Pengawasan Rehab Keramik/Granit Kantor , Toilet, Ruang Rapat Utama, Kenopi Teras Belakang Kantor, Parkir Motor Dan Mobil, Kantin, Lapangan Tenis, Pemasangan Paving Block Halaman Depan Dan Belakang Kantor, Pos Satpam",2023-07-27,145820977.5,Pt. Super Tehnik Pratama,42,0.8994576735894795
35,Kalimantan Timur,2023-07-28,Pemerintah Daerah Provinsi Kalimantan Timur,Pengadaan Perahu Wisata Bermotor,Goods,580319100.0,Complete,Pengadaan Perahu Wisata Bermotor,2023-07-28,522810000.0,Cv. Alabar Jaya Mandiri,16,0.9009009009009008
35,Kalimantan Timur,2023-07-28,Pemerintah Daerah Provinsi Kalimantan Timur,Reinstal Jaringan Air Stadion Utama,Works,6837720000.0,Complete,Reinstal Jaringan Air Stadion Utama,2023-07-28,5471483155.7,Cv Belolangi Cipta Sarana,10,0.8001911683572887
35,Kalimantan Timur,2023-07-28,Pemerintah Daerah Provinsi Kalimantan Timur,Revitalisasi Kawasan Perbatasan Kaltim - Kalsel,Works,5079447800.0,Complete,Revitalisasi Kawasan Perbatasan Kaltim - Kalsel,2023-07-28,4949900000.0,Pt.Genthas Tri Jaya,10,0.9744956922285922
35,Kalimantan Timur,2023-07-31,Pemerintah Daerah Provinsi Kalimantan Timur,Pembuatan Sarpras Tanjung Tamanoh Desa Pela,Works,333172800.0,Complete,Pembuatan Sarpras Tanjung Tamanoh Desa Pela,2023-07-31,285755625.0,Cv. Byrastio,14,0.8576799336560488
35,Kalimantan Timur,2023-07-31,Pemerintah Daerah Provinsi Kalimantan Timur,Pembuatan Tracking Pulau Kaniungan,Works,536342880.0,Complete,Pembuatan Tracking Pulau Kaniungan,2023-07-31,528478186.14,Cv. Profesional Technik,14,0.9853364439926936
35,Kalimantan Timur,2023-07-31,Pemerintah Daerah Provinsi Kalimantan Timur,Pembangunan Rps Smkn 1 Samarinda,Works,1987667509.22,Complete,Pembangunan Rps Smkn 1 Samarinda,2023-07-31,1489936870.96,Cv. Dirjaya Karya,26,0.7495905950309972
35,Kalimantan Timur,2023-08-02,Pemerintah Daerah Provinsi Kalimantan Timur,Pembuatan Toilet Umum (Biotek),Works,745392480.0,Complete,Pembuatan Toilet Umum (Biotek),2023-08-02,735209546.53,Cv. Profesional Technik,16,0.9863388298873098
35,Kalimantan Timur,2023-08-02,Pemerintah Daerah Provinsi Kalimantan Timur,Pembangunan Gedung Yayasan Darul Ulum Waddawah Al-Hasaniah,Works,7492370000.0,Complete,Pembangunan Gedung Yayasan Darul Ulum Waddawah Al-Hasaniah,2023-08-02,5993896000.0,Pt. Reka Perdana Indonesia,23,0.8
35,Kalimantan Timur,2023-08-02,Pemerintah Daerah Provinsi Kalimantan Timur,Rehab Gedung Smkn 2 Samarinda,Works,6195848712.96,Complete,Rehab Gedung Smkn 2 Samarinda,2023-08-02,4795582295.58,Cv.Manunggal Djaya Abadi,13,0.7739992562357065
35,Kalimantan Timur,2023-08-04,Pemerintah Daerah Provinsi Kalimantan Timur,Pembanguan Ruang Kelas Baru (Rkb) Sma Negeri 12 Samarinda,Works,470130051.0,Complete,Pembanguan Ruang Kelas Baru (Rkb) Sma Negeri 12 Samarinda,2023-08-04,358667787.14,Cv. Dirjaya Karya,30,0.7629118504062613
35,Kalimantan Timur,2023-08-04,Pemerintah Daerah Provinsi Kalimantan Timur,Pembangunan Kelas Baru Sman 2 Tenggarong Seberang,Works,1072470541.13,Complete,Pembangunan Kelas Baru Sman 2 Tenggarong Seberang,2023-08-04,620000000.0,Cv. Gading Kencono Emas,42,0.5781044571599533
35,Kalimantan Timur,2023-08-07,Pemerintah Daerah Provinsi Kalimantan Timur,Pembangunan Gudang Umum (Rsud. Aws),Works,1462905000.0,Complete,Pembangunan Gudang Umum (Rsud. Aws),2023-08-07,1134068699.43,Cv. Wadah Etam Mandiri,13,0.775216913900766
35,Kalimantan Timur,2023-08-07,Pemerintah Daerah Provinsi Kalimantan Timur,Pembangunan Gedung Kedokteran Nuklir Lt.2 (Rsud. Aws),Works,5101774000.0,Complete,Pembangunan Gedung Kedokteran Nuklir Lt.2 (Rsud. Aws),2023-08-07,3977965409.93,Cv. Empat Saudara Tangguh,13,0.7797219966878187
35,Kalimantan Timur,2023-08-08,Pemerintah Daerah Provinsi Kalimantan Timur,Konsultan Pengawas Rehabilitasi Jalan Ruas Tabalar - Biatan Lokasi Kab. Berau,Services,349974000.0,Complete,Konsultan Pengawas Rehabilitasi Jalan Ruas Tabalar - Biatan Lokasi Kab. Berau,2023-08-08,317573233.88,Cv. Era Teknik Consultant,35,0.9074195051060936
35,Kalimantan Timur,2023-08-08,Pemerintah Daerah Provinsi Kalimantan Timur,Konsultan Pengawas Rehabilitasi Jalan Ruas Sp. Lenggoq - Talisayan Lokasi Kab. Berau,Services,457188000.0,Complete,Konsultan Pengawas Rehabilitasi Jalan Ruas Sp. Lenggoq - Talisayan Lokasi Kab. Berau,2023-08-08,401820000.0,Cv. Risma Nugraha,35,0.8788944591721567
35,Kalimantan Timur,2023-08-08,Pemerintah Daerah Provinsi Kalimantan Timur,Bantuan Teknis Pekerjaan Pengadaan Tanah Spam Regional Sistem Marangkayu (Kutai Kartanegara Bontang),Services,314541699.0,Complete,Bantuan Teknis Pekerjaan Pengadaan Tanah Spam Regional Sistem Marangkayu (Kutai Kartanegara Bontang),2023-08-08,289635630.0,Cv. Dimiano Konsultan,35,0.9208179103782356
35,Kalimantan Timur,2023-08-08,Pemerintah Daerah Provinsi Kalimantan Timur,Rehab Gedung Smkn 1 Kaliorang,Works,1998293000.0,Complete,Rehab Gedung Smkn 1 Kaliorang,2023-08-08,1552444781.85,Cv. Krisna Utama Perkasa,19,0.7768854626673866
35,Kalimantan Timur,2023-08-09,Pemerintah Daerah Provinsi Kalimantan Timur,Rehabilitasi Sarana Dan Prasarana Smkn 2 Ppu (Pokir),Works,907833304.38,Complete,Rehabilitasi Sarana Dan Prasarana Smkn 2 Ppu (Pokir),2023-08-09,726266643.5,Cv.Taufik Hayani Mandiri,14,0.7999999999955939
35,Kalimantan Timur,2023-08-09,Pemerintah Daerah Provinsi Kalimantan Timur,Rehabilitasi Ruang Kelas Sman 5 Balikpapan,Works,3122954800.0,Complete,Rehabilitasi Ruang Kelas Sman 5 Balikpapan,2023-08-09,2404605767.31,Cv. Megaton Wijaya Kencana,20,0.7699777682693326
35,Kalimantan Timur,2023-08-10,Pemerintah Daerah Provinsi Kalimantan Timur,Pembangunan Gedung Sekolah Sman 15 Samarinda,Works,1802269028.09,Complete,Pembangunan Gedung Sekolah Sman 15 Samarinda,2023-08-10,1362891725.36,Cv. Alta Jaya Konstruksi,21,0.7562088146209552
35,Kalimantan Timur,2023-08-10,Pemerintah Daerah Provinsi Kalimantan Timur,Pembangunan Terminal Sangatta,Works,9994820000.0,Complete,Pembangunan Terminal Sangatta,2023-08-10,8999608819.46,Tiga Bersaudara,17,0.9004273032891037
35,Kalimantan Timur,2023-08-11,Pemerintah Daerah Provinsi Kalimantan Timur,",Pengadaan Rehab Berat Bangunan Lama (Uptd Kphp Manubar)",Works,375985876.2,Complete,",Pengadaan Rehab Berat Bangunan Lama (Uptd Kphp Manubar)",2023-08-11,350628285.18,Sabda Mario Marola,9,0.932557064972006
35,Kalimantan Timur,2023-08-14,Pemerintah Daerah Provinsi Kalimantan Timur,Pengadaan Perencanaan Teknis Pembangunan Gedung Kantor Dinas Kesehatan Provinsi Kalimantan Timur,Services,2499999000.0,Complete,Pengadaan Perencanaan Teknis Pembangunan Gedung Kantor Dinas Kesehatan Provinsi Kalimantan Timur,2023-08-14,2159891280.0,Pt. Intimulya Multikencana,35,0.863956857582743
35,Kalimantan Timur,2023-08-16,Pemerintah Daerah Provinsi Kalimantan Timur,Pekerjaan Mekanikal Elektrikal Pompa Dan Genset Rumah Intakesekerat (Pergeseran 1),Goods,5785970019.33,Complete,Pekerjaan Mekanikal Elektrikal Pompa Dan Genset Rumah Intakesekerat (Pergeseran 1),2023-08-16,4437786771.0,Cv. Mulia Berkahtama Abadi,19,0.7669909723303205
35,Kalimantan Timur,2023-08-18,Pemerintah Daerah Provinsi Kalimantan Timur,Peningkatan Kualitas Kawasan Kumuh Perkotaan Sungai Kapih Ii Kota Samarinda (Pergeseran 3),Works,3999653464.0,Complete,Peningkatan Kualitas Kawasan Kumuh Perkotaan Sungai Kapih Ii Kota Samarinda (Pergeseran 3),2023-08-18,3000000000.0,Cv. Handayani,23,0.7500649811295752
35,Kalimantan Timur,2023-08-18,Pemerintah Daerah Provinsi Kalimantan Timur,Belanja Modal Tugu/Tanda Batas,Works,315401167.88,Complete,Belanja Modal Tugu/Tanda Batas,2023-08-18,252320934.3,Cv. Indah Pramana Sakti,18,0.7999999999873177
35,Kalimantan Timur,2023-08-28,Pemerintah Daerah Provinsi Kalimantan Timur,Belanja Bahan-Bahan Lainnya (Bmhp Non E Purchesing),Goods,696681154.8,Complete,Belanja Bahan-Bahan Lainnya (Bmhp Non E Purchesing),2023-08-28,626025936.14,Pt Global Alkes Sukses,19,0.8985831349488944
35,Kalimantan Timur,2023-08-30,Pemerintah Daerah Provinsi Kalimantan Timur,Pekerjaan Fisik Rehab Pagar Record Center Arsip Bpkad,Works,545002017.31,Complete,Pekerjaan Fisik Rehab Pagar Record Center Arsip Bpkad,2023-08-30,436001613.85,Cv. Altomindo Haru Karya,12,0.8000000000036699
35,Kalimantan Timur,2023-08-30,Pemerintah Daerah Provinsi Kalimantan Timur,Rehabilitasi Plenary Hall Samarinda,Works,394294000.0,Complete,Rehabilitasi Plenary Hall Samarinda,2023-08-30,384415200.0,Cv. Tunas Jaya,12,0.974945598969297
35,Kalimantan Timur,2023-09-01,Pemerintah Daerah Provinsi Kalimantan Timur,Rehabilitasi Tk Putra Balikpapan,Works,978104098.72,Complete,Rehabilitasi Tk Putra Balikpapan,2023-09-01,782483278.98,Moorea Adi Perkasa,9,0.8000000000040896
35,Kalimantan Timur,2023-09-05,Pemerintah Daerah Provinsi Kalimantan Timur,Pembangunan Lapangan Dan Tribun Cabor Panahan,Works,404997000.0,Complete,Pembangunan Lapangan Dan Tribun Cabor Panahan,2023-09-05,368333000.0,Cv. Aladin Jaya,12,0.9094709343526002
35,Kalimantan Timur,2023-09-06,Pemerintah Daerah Provinsi Kalimantan Timur,Pembangunan Kelas Baru Sman 2 Tenggarong,Works,915987893.0,Complete,Pembangunan Kelas Baru Sman 2 Tenggarong,2023-09-06,667447501.25,Annasya Miitra Utama,19,0.7286641082820513
35,Kalimantan Timur,2023-09-06,Pemerintah Daerah Provinsi Kalimantan Timur,Pembanguan Ruang Kelas Baru (Rkb) Sma Negeri 1 Kuaro (Pergeseran),Works,469800000.0,Complete,Pembanguan Ruang Kelas Baru (Rkb) Sma Negeri 1 Kuaro (Pergeseran),2023-09-06,357456680.26,Cv. Rotan Jaya Utama,19,0.760869902639421
35,Kalimantan Timur,2023-10-06,Pemerintah Daerah Provinsi Kalimantan Timur,Ded Rehabilitasi Gedung Perkuliahan Program S1 Pemerintahan Integratif (Ex. Dinas Pu) Jl. Kalian,Services,993572000.0,Complete,Ded Rehabilitasi Gedung Perkuliahan Program S1 Pemerintahan Integratif (Ex. Dinas Pu) Jl. Kalian,2023-10-06,845453700.0,Pt.Widyacona,35,0.8509234358456156
35,Kalimantan Timur,2023-10-17,Pemerintah Daerah Provinsi Kalimantan Timur,Pembangunan Jaringan Distribusi Utama Jalur Cendana Menuju Jl. Mt. Hariyono (Abt),Works,2889000000.0,Complete,Pembangunan Jaringan Distribusi Utama Jalur Cendana Menuju Jl. Mt. Hariyono (Abt),2023-10-17,2833923710.53,Cv. Yuansha Persada Mandiri,14,0.9809358638040844
35,Kalimantan Timur,2023-10-19,Pemerintah Daerah Provinsi Kalimantan Timur,Pembangunan Pagar Pengaman Jalan Tembus Ex Bandara Temindung Sisi Kanan Dan Kiri (Abt),Works,595528000.0,Complete,Pembangunan Pagar Pengaman Jalan Tembus Ex Bandara Temindung Sisi Kanan Dan Kiri (Abt),2023-10-19,445807135.0,Cv. Raw Berjaya,15,0.7485913928480273
35,Kalimantan Timur,2023-10-19,Pemerintah Daerah Provinsi Kalimantan Timur,Optimalisasi Pelayanan Kelurahan Karang Asam Ilir (Abt),Works,1891766000.0,Complete,Optimalisasi Pelayanan Kelurahan Karang Asam Ilir (Abt),2023-10-19,1854029439.65,Cv. Nadiya Mutiara Permai,13,0.9800522050031558
35,Kalimantan Timur,2023-10-20,Pemerintah Daerah Provinsi Kalimantan Timur,Peningkatan Fasilitas Dan Sistem Gedung Kejaksaan Tinggi Kaltim (Abt),Works,1712980000.0,Complete,Peningkatan Fasilitas Dan Sistem Gedung Kejaksaan Tinggi Kaltim (Abt),2023-10-20,1660000000.0,Cv.Griya Alam Niaga,9,0.9690714427488938
35,Kalimantan Timur,2023-10-24,Pemerintah Daerah Provinsi Kalimantan Timur,Lanjutan Rehab Islamic Center (Abt),Works,3828216700.0,Complete,Lanjutan Rehab Islamic Center (Abt),2023-10-24,3790598478.24,Cv Wirajayadi,13,0.9901734346020694
35,Kalimantan Timur,2023-10-24,Pemerintah Daerah Provinsi Kalimantan Timur,Lanjutan Pembangunan Masjid Istiqlal Loa Bakung Samarinda (Abt),Works,1295934600.0,Complete,Lanjutan Pembangunan Masjid Istiqlal Loa Bakung Samarinda (Abt),2023-10-24,1230000000.0,Cv. Barakallah Semesta,13,0.9491219695808724
35,Kalimantan Timur,2023-10-24,Pemerintah Daerah Provinsi Kalimantan Timur,Perbaikan Jembatan P Balang Bentang Pendek,Works,7484126200.0,Complete,Perbaikan Jembatan P Balang Bentang Pendek,2023-10-24,7176089019.73,Cv. Angkasa Biru Sejahtera,13,0.9588412632232204
35,Kalimantan Timur,2023-10-27,Pemerintah Daerah Provinsi Kalimantan Timur,Pengadaan Pemasangan Pipa Distribusi Kek Maloy (Abt),Works,9541000000.0,Complete,Pengadaan Pemasangan Pipa Distribusi Kek Maloy (Abt),2023-10-27,9350971202.69,Cv. Yuansha Persada Mandiri,16,0.9800829265999372
35,Kalimantan Timur,2023-10-30,Pemerintah Daerah Provinsi Kalimantan Timur,Pembangunan Dan Perbaikan Arah Kiblat Langgar Nurul Huda Kendal Bukit Biru Kukar (Abt),Works,893679000.0,Complete,Pembangunan Dan Perbaikan Arah Kiblat Langgar Nurul Huda Kendal Bukit Biru Kukar (Abt),2023-10-30,714443200.0,Buah Bolok Mahakam,13,0.7994405149947577
35,Kalimantan Timur,2023-11-14,Pemerintah Daerah Provinsi Kalimantan Timur,Ded Ruas Jalan Tering - Ujoh Bilang (Abt),Services,1117579800.0,Complete,Ded Ruas Jalan Tering - Ujoh Bilang (Abt),2023-11-14,1002549225.0,Citra Bangun Mandiri Engineering Consultant,34,0.8970717124629489
35,Kalimantan Timur,2023-11-15,Pemerintah Daerah Provinsi Kalimantan Timur,Ded Ruas Jalan Bts. Samarinda - Simp. 3 L2 (Abt),Services,432000000.0,Complete,Ded Ruas Jalan Bts. Samarinda - Simp. 3 L2 (Abt),2023-11-15,410358120.0,Cv. Harsindo,34,0.9499030555555557
